83dcefb7,时空周转
1ad5be0d,软银支付
6dd28e9b,FUCK
f3b61b38,FUCK
84b12bae,艾尔链
1db87a14,富民宝
6abf4a82,创客;5050;华夏云商;瑞景之家
fa005713,微小宠
8d076785,鼎诚创投
a15d25e1,OneBoat投资BoxToken;BoxToken;桂银乐税贷
d65a1577,FUCK
4f5344cd,FUCK
3854745b,杭州小桃微集网络科技有限公司
a630e1f8,奇牛国际
d137d16e,易趣商城;微交易;乾通国际
483e80d4,FUCK
3f39b042,FUCK
af86add3,FUCK
d8819d45,FUCK
8a707622,芒果金融
fd7746b4,君联资本
647e170e,鼎诚创投
13792798,广州尚洁科技有限公司
8d1db23b,EXPASSET亚斯特
fa1a82ad,FUCK
6313d317,FUCK
1414e381,智慧地球
84abfe10,FUCK
f3acce86,FUCK
936b4763,FUCK
e46c77f5,榴莲微视
7d65264f,金闻喜配资;闻喜配资
0a6216d9,A派
9406837a,金源财富;海南大宗
e301b3ec,黔中生态茶交易中心
7a08e256,FUCK
0d0fd2c0,FUCK
9db0cf51,全球看点;趣步
eab7ffc7,光大云富
dc2ad1a4,FUCK
ab2de132,FUCK
3224b088,逸富国际期货
4523801e,RANFLAG平台
db4715bd,玛伊国际
ac40252b,FUCK
35497491,DASH达世币;以太坊;奇迹;比特币;达世币;Algorand
424e4407,FUCK
d2f15996,FUCK
a5f66900,FUCK
c531e0e5,FUCK
b236d073,BNB;HKONGEX;火币
2b3f81c9,hotforex热汇
5c38b15f,FUCK
c25c24fc,瑞景之家
b55b146a,FUCK
2c5245d0,忠汇国际
5b557546,FUCK
cbea68d7,FUCK
bced5841,FUCK
ee1cb326,FUCK
991b83b0,香港富通
0012d20a,盈首AI炒股机器人
7715e29c,FUCK
e971773f,峥嵘财富;中兴通讯
9e7647a9,中汇国际
077f1613,英诺外汇上海金融
70782685,嘉丰瑞德;诺亚方舟NPA
e0c73b14,FUCK
97c00b82,FUCK
f7078267,FUCK
8000b2f1,狗狗币;比特狗
1909e34b,云尊集团;瑞波币;以太坊;云尊数字钱包;云尊交易所;云尊集团Winbitex
6e0ed3dd,汇新智配资
f06a467e,易信;easyMarkets易信;easyMarkets;易信金融
876d76e8,微粒贷
1e642752,乾联国际
696317c4,以太森林
f9dc0a55,FUCK
8edb3ac3,享骑电单车
709f9ea8,AGK理财;AGK拆分理财
0798ae3e,FUCK
9e91ff84,积分兑;卡盟金服
e996cf12,沪深理财;首投理财
77f25ab1,FUCK
00f56a27,天鑫金融
99fc3b9d,bc
eefb0b0b,FXTM富拓外汇;富拓外汇;Forextime
7e44169a,全球看点
0943260c,微多猫
6984afe9,FUCK
1e839f7f,FUCK
878acec5,FUCK
f08dfe53,亿盛宝
6ee96bf0,FUCK
19ee5b66,微粒贷
80e70adc,东方银星
f7e03a4a,FUCK
675f27db,FUCK
1058174d,FUCK
237750ea,牧宝理财
5470607c,FUCK
cd7931c6,每张华景无限逍遥卡;华景无限逍遥卡
ba7e0150,hytfx
241a94f3,M站币贷;微粒贷
531da465,红杉财富
ca14f5df,弘高融资租赁有限公司
bd13c549,小金袋;领投鸟
2dacd8d8,FUCK
5aabe84e,德意志银行;华尔街日报
3a6c61ab,FUCK
4d6b513d,FUCK
d4620087,华泰逸富国际期货
a3653011,FUCK
3d01a5b2,FUCK
4a069524,弘华佛学院
d30fc49e,牛牛通宝节能链;节能链;牛牛通宝
a408f408,FUCK
34b7e999,FUCK
43b0d90f,华宇控股;贵州星瑞安科技有限公司;知识星球
11413268,FUCK
664602fe,FUCK
ff4f5344,造艺科技;上海造艺网络科技有限公司
884863d2,小花花
162cf671,天汇金融
612bc6e7,鼎汇外汇
f822975d,iotoken以太坊;以太坊;Iotoken;Fcoin交易所;比特币
8f25a7cb,英皇金融国际;伦敦金产品;英皇国际金业
1f9aba5a,FUCK
689d8acc,FUCK
085a0329,风雨无忧;贷上钱风雨无忧
7f5d33bf,宿爱;广州市宿爱
e6546205,tickmil
91535293,薪付宝
0f37c730,商机头条
7830f7a6,FUCK
e139a61c,盈米科技有限公司
963e968a,清果普惠
06818b1b,FUCK
7186bb8d,中金摩根
471b95ee,FUCK
301ca578,麻袋财富
a915f4c2,镁客堂
de12c454,FUCK
407651f7,易信;easyMarkets易信;easyMarkets
37716161,钱嗨娱乐
ae7830db,比特币
d97f004d,FUCK
49c01ddc,FUCK
3ec72d4a,爱尚养猪;雀尚枝头
5e00a4af,全民养鱼
29079439,FUCK
b00ec583,小工匠;汇品万货
c709f515,FUCK
596d60b6,FUCK
2e6a5020,FUCK
b763019a,FUCK
c064310c,诺德基金;诺德
50db2c9d,比特狗
27dc1c0b,FUCK
752df76c,老虎外汇
022ac7fa,狗狗币;比特狗
9b239640,FUCK
72403375,FUCK
054703e3,FUCK
9c4e5259,FUCK
eb4962cf,FUCK
7bf67f5e,艾特网
0cf14fc8,金大宝
6c36c62d,FUCK
1b31f6bb,hotnews亿久商城;亿久商城
8238a701,FUCK
f53f9797,宝星环球投资
6b5b0234,比特币
1c5c32a2,以太坊
85556318,FUCK
f252538e,火影帮
62ed4e1f,西安德誉荣融资租赁有限公司
15ea7e89,fxglk外汇;ofxglk外汇
ebaedae2,尧锦智富
9ca9ea74,FUCK
05a0bbce,天安金交中心;深圳市景腾瑞贸易发展有限公司
72a78b58,FUCK
ecc31efb,小豹科技
9bc42e6d,阿卡迪亚基金;AFMFX公司;AFMFX
02cd7fd7,现代金控;金大宝
75ca4f41,百融云创
e57552d0,afmfx外汇;afmfx
92726246,小樱桃
f2b5eba3,FUCK
85b2db35,以太森林
1cbb8a8f,凤推传媒;趣步
6bbcba19,FUCK
f5d82fba,以太坊;泰牛链;泰牛链TCC
82df1f2c,瑞骏策略
1bd64e96,尧锦智富
6cd17e00,挂挂赚
fc6e6391,Lisinex;lisinex
8b695307,鼎诚创投
2131eeb3,FUCK
5636de25,福莱币
cf3f8f9f,SBLOCK;VV农场
b838bf09,云信金融
265c2aaa,西部助贷;西部助贷网
515b1a3c,北京弘毅创融投资管理有限公司;汇通易贷
c8524b86,FUCK
bf557b10,FUCK
2fea6681,汇投网
58ed5617,创世银库
382adff2,FUCK
4f2def64,FUCK
d624bede,FUCK
a1238e48,FUCK
3f471beb,逗趣微视
48402b7d,比特币
d1497ac7,蓝莓花花
a64e4a51,FUCK
36f157c0,杜邦财富
41f66756,盛世财团;素店
13078c31,文语影投;金谷影视
6400bca7,FUCK
fd09ed1d,FUCK
8a0edd8b,波场币
146a4828,小蜜淘
636d78be,FUCK
fa642904,FUCK
8d631992,Gainer智能跟单社区
1ddc0403,玖富;玖富叮当贷
6adb3495,FUCK
0a1cbd70,普信金服;普信资产普信资产管理有限公司
7d1b8de6,创客;5050;华夏云商;瑞景之家
e412dc5c,小米有品有鱼
9315ecca,FUCK
0d717969,度王金服
7a7649ff,FUCK
e37f1845,FUCK
947828d3,玖富;爱钱进;易通贷
04c73542,FUCK
73c005d4,中佳易购
455d2bb7,FUCK
325a1b21,喆颢诺德;宜信喆颢资产管理公司;宜信财富;诺德基金;诺德;宜信喆颢与诺德;宜信诺德
ab534a9b,中兴飞贷;飞贷
dc547a0d,众金服
4230efae,香港华尊融资担保有限公司;龙鼎在线;美银美林金融
3537df38,FUCK
ac3e8e82,FUCK
db39be14,智慧晶
4b86a385,利利金服
3c819313,迈阿币Mmcoin;比特币;迈阿币
5c461af6,腾邦现货
2b412a60,瑞郎币FRCoin
b2487bda,FUCK
c54f4b4c,火趣小视频
2c2cee79,FUCK
b525bfc3,友信
c2228f55,盈首AI炒股机器人
529d92c4,货通天下
259aa252,FUCK
776b4935,FUCK
006c79a3,同君财富
99652819,云交易
ee62188f,FUCK
70068d2c,火币
0701bdba,币盈联盟
9e08ec00,文语影投
e90fdc96,蜂赢金服;易钱汇
79b0c107,BossToken;加密货币;比特币
0eb7f191,REC黄金树
6e707874,OTM奥美外汇
197748e2,FUCK
807e1958,FUCK
f77929ce,FUCK
691dbc6d,FUCK
1e1a8cfb,FUCK
8713dd41,tessline
f014edd7,FUCK
60abf046,信托公司;中融信托
17acc0d0,FUCK
e9e864bb,FUCK
9eef542d,云尊链;Fcoin;云尊链WINBIT
07e60597,FUCK
70e13501,玖富;友信智投uSMART;友信智投
ee85a0a2,FUCK
99829034,智融财富
008bc18e,辰颐物语等你辰颐物语;颐和果园;辰颐物语
778cf118,中金贷;金银猫 金银猫;米咖理财;钱爸爸
e733ec89,TeraFX;TeraFX特汇;Citibank;FSCS金融;TeraFX及Tera集团介绍TeraFX特汇是Tera集团
9034dc1f,FUCK
f0f355fa,玖富钱包
87f4656c,FUCK
1efd34d6,FUCK
69fa0440,Asiabrand
f79e91e3,FUCK
8099a175,FUCK
1990f0cf,钜富金融
6e97c059,牧宝理财
fe28ddc8,FUCK
892fed5e,融贝网
20f38484,四川润通;润通现货;四川润通现货
57f4b412,狗狗币;乾易通
cefde5a8,以太坊;养房星球;星域链
b9fad53e,天泽环球
279e409d,FUCK
5099700b,FUCK
c99021b1,FUCK
be971127,FUCK
2e280cb6,时汇创富
592f3c20,FUCK
39e8b5c5,人人优选
4eef8553,先汇国际
d7e6d4e9,中联亿配
a0e1e47f,玖富钱包;甲阳国际
3e8571dc,以太坊;IAC平台;IAC;IAC交易所
4982414a,FUCK
d08b10f0,FUCK
a78c2066,FUCK
37333df7,易生金服
40340d61,FUCK
12c5e606,5050
65c2d690,未来集市
fccb872a,桂花网;36氪
8bccb7bc,FUCK
15a8221f,点汇特
62af1289,FUCK
fba64333,FUCK
8ca173a5,河南南阳大宗;河南南阳大宗商品
1c1e6e34,Vci国际
6b195ea2,币安
0bded747,大象健康科技有限公司;健康猫
7cd9e7d1,Mchain币;Mchain;空气币;比特币
e5d0b66b,维客特
92d786fd,堡垒投资;以太坊;比特币;Bakkt
0cb3135e,FUCK
7bb423c8,FUCK
e2bd7272,英国zfx山海证券
95ba42e4,薪易通
05055f75,Youbank
72026fe3,聚汇天下
449f4180,FUCK
33987116,葡萄助手
aa9120ac,诺德基金;诺德
dd96103a,素店
43f28599,大姐花
34f5b50f,商机头条
adfce4b5,斐讯;斐讯商城
dafbd423,FUCK
4a44c9b2,贵州帮芒拼
3d43f924,水象分期;象分期
5d8470c1,FUCK
2a834057,享骑单车
b38a11ed,FUCK
c48d217b,FUCK
5ae9b4d8,FUCK
2dee844e,悟空钱包
b4e7d5f4,城市猎人;融金所;CHP城市猎人
c3e0e562,FUCK
535ff8f3,FUCK
2458c865,FUCK
76a92302,有信钱包
01ae1394,FUCK
98a7422e,FUCK
efa072b8,FUCK
71c4e71b,隆鑫HT;海贝国际
06c3d78d,智慧晶
9fca8637,海岛矿工
e8cdb6a1,FUCK
7872ab30,FUCK
0f759ba6,维信金科
6fb21243,快鸟金服
18b522d5,FUCK
81bc736f,奇牛国际
f6bb43f9,FUCK
68dfd65a,FUCK
1fd8e6cc,爱荐宝
86d1b776,Wpay;比特币
f1d687e0,FUCK
61699a71,GEC
166eaae7,FUCK
e82a0e8c,娃哈哈VKmall
9f2d3e1a,FUCK
06246fa0,湖南坤海新能源投资管理有限公司
71235f36,红糖集团;雅堂金融;领投鸟
ef47ca95,FUCK
9840fa03,FUCK
0149abb9,玖富;悟空理财
764e9b2f,FUCK
e6f186be,聚汇天下;利利购商城;天华创客购;云集品;螃蟹云购
91f6b628,金融帝国
f1313fcd,FUCK
86360f5b,世舟之家
1f3f5ee1,多米金融
68386e77,exp理财;exp
f65cfbd4,都优乐
815bcb42,酷盈网;乐投天下;中仁财富
18529af8,FUCK
6f55aa6e,FUCK
ffeab7ff,大象国际
88ed8769,金管家
25bc9201,FUCK
52bba297,河南南阳大宗商品
cbb2f32d,昆山摩尔投资管理有限公司
bcb5c3bb,FUCK
22d15618,FUCK
55d6668e,DEM德曼资本
ccdf3734,FUCK
bbd807a2,FUCK
2b671a33,FUCK
5c602aa5,吉丰金服
3ca7a340,抹茶交易所;汇通天下;潘多拉盒子;悟空理财;贷通天下;Libra
4ba093d6,享骑电单车
d2a9c26c,比特币
a5aef2fa,未来集市
3bca6759,顺心花花;顺心花花贷款
4ccd57cf,爱打卡
d5c40675,FUCK
a2c336e3,商机头条
327c2b72,华霖金服
457b1be4,FUCK
178af083,FUCK
608dc015,FUCK
f98491af,趣享付
8e83a139,汇丰区块链;汇丰银行
10e7349a,FUCK
67e0040c,FUCK
fee955b6,小米有品有鱼
89ee6520,盈宝通
195178b1,FUCK
6e564827,FUCK
0e91c1c2,FUCK
7996f154,云集品;花生日记;素店;杭州智品文化创意有限公司
e09fa0ee,FUCK
97989078,FUCK
09fc05db,FUCK
7efb354d,以太坊;Filecoin;IPFS主网
e7f264f7,维基链
90f55461,链链金融
004a49f0,FUCK
774d7966,天鼎证券;天鼎投资
41d05705,FUCK
36d76793,圣盈信
afde3629,FUCK
d8d906bf,广州开发区金融控股集团有限公司
46bd931c,光大云富;光大资管;光大资本
31baa38a,易生金服
a8b3f230,FUCK
dfb4c2a6,赚赚熊
4f0bdf37,FUCK
380cefa1,FUCK
58cb6644,Vpay支付;Vpay
2fcc56d2,中潮金服;丰储宝;金佳金融
b6c50768,FUCK
c1c237fe,ADC矿场;ADC
5fa6a25d,幸运十二生肖;华登区块狗
28a192cb,众人帮
b1a8c371,钻石分期
c6aff3e7,火萤棋牌
5610ee76,bitrading;Bitrading888
2117dee0,花生日记;卡盟金服
73e63587,TrustEx
04e10511,青蚨在线
9de854ab,FUCK
eaef643d,FUCK
748bf19e,平安普惠
038cc108,FUCK
9a8590b2,FUCK
ed82a024,FUCK
7d3dbdb5,维信金科
0a3a8d23,winbitex;云尊币;云尊链;WINBITEX云尊链
6afd04c6,华登区块狗;幸运十二生肖;双子高登
1dfa3450,微多猫
84f365ea,Filecoin
f3f4557c,亿联银行;未来集市
6d90c0df,以太坊;比特币;长亚集团
1a97f049,FUCK
839ea1f3,个股期权;中信华睿
f4999165,英皇金融国际;英皇宝
64268cf4,FUCK
1321bc62,FUCK
ed651809,VV农场
9a62289f,FUCK
036b7925,GEC币;GEC;比特币
746c49b3,FUCK
ea08dc10,FUCK
9d0fec86,ADC矿场
0406bd3c,FUCK
73018daa,FUCK
e3be903b,FUCK
94b9a0ad,兴亚币网;比特币
f47e2948,富鑫策略
837919de,未来集市
1a704864,爱福袋;上海福袋汇
6d7778f2,FUCK
f313ed51,FUCK
8414ddc7,东方银谷
1d1d8c7d,趣步;巴特币;智慧晶;AIL智能链;TBC天宝币
6a1abceb,榴莲微视
faa5a17a,FUCK
8da291ec,PPmoney万惠集团;PPmoney网贷;PPmoney
247ef836,聚宝汇
5379c8a0,FUCK
ca70991a,多米金融
bd77a98c,启迪金服
23133c2f,CCRT;消费者联盟
54140cb9,FUCK
cd1d5d03,邦君悠购
ba1a6d95,素店
2aa57004,币通天下
5da24092,亿海智投
3d65c977,FUCK
4a62f9e1,微小宠
d36ba85b,比特币
a46c98cd,好省
3a080d6e,友信
4d0f3df8,WoToken;wotoken
d4066c42,FUCK
a3015cd4,以太坊
33be4145,FUCK
44b971d3,铂诺财富
16489ab4,红豆卡;杨梅白卡
614faa22,FUCK
f846fb98,狗狗币;比特狗
8f41cb0e,FUCK
11255ead,先汇国际
66226e3b,HFNEX
ff2b3f81,FUCK
882c0f17,FUCK
18931286,京开创投
6f942210,比特币;IIIBTC交易所
0f53abf5,亿高金业
78549b63,FUCK
e15dcad9,云联惠;中融民信
965afa4f,乐酿宝
083e6fec,云联惠;华尔街日报
7f395f7a,金猪管家
e6300ec0,FUCK
91373e56,收获宝
018823c7,FUCK
768f1351,FUCK
40123d32,闪电借款;众金服
37150da4,新城控股;国泰君安
ae1c5c1e,瑞波币;瑞波plus
d91b6c88,中汇国际;微交易
477ff92b,恒信环球投资;高朋国际
3078c9bd,abcc
a9719807,以太坊;qunqun
de76a891,FUCK
4ec9b500,hadax
39ce8596,红金所
59090c73,FUCK
2e0e3ce5,FUCK
b7076d5f,FUCK
c0005dc9,京贷金服
5e64c86a,融通财富
2963f8fc,吉林鼎邦集团
b06aa946,小豹科技
c76d99d0,FUCK
57d28441,华安策略
20d5b4d7,FUCK
72245fb0,英皇金融
05236f26,维卡币;波场超级社区;UOBTokenUOBToken;比特币
9c2a3e9c,比特币
eb2d0e0a,爱善贷
75499ba9,FUCK
024eab3f,宝星环球投资
9b47fa85,FUCK
ec40ca13,FUCK
7cffd782,平安普惠;平安信托
0bf8e714,比特币
6b3f6ef1,久久外汇
1c385e67,惠金贷;红岭创投;爱钱进;芒果金融;钱牛牛
85310fdd,FUCK
f2363f4b,FUCK
6c52aae8,FUCK
1b559a7e,比特币
825ccbc4,FUCK
f55bfb52,FUCK
65e4e6c3,尧锦智富
12e3d655,ADC矿场;ADC区块链;ADC
eca7723e,FUCK
9ba042a8,FUCK
02a91312,ExShell交易所;币贝
75ae2384,中民集团
ebcab627,FUCK
9ccd86b1,FUCK
05c4d70b,FUCK
72c3e79d,吉林信托;东方银座
e27cfa0c,每日拼拼
957bca9a,FUCK
f5bc437f,GEC币;以太坊;绿动地球;比特币;瑞波币
82bb73e9,FUCK
1bb22253,FUCK
6cb512c5,嘉盛集团股份有限公司
f2d18766,清宴宝
85d6b7f0,FUCK
1cdfe64a,─TG反波胆
6bd8d6dc,乾联国际;股指期货;乾联国际交易平台
fb67cb4d,好友宝
8c60fbdb,先汇国际
2638466f,FUCK
513f76f9,钱包侠
c8362743,GEC环保币
bf3117d5,FUCK
21558276,鸿昇国际
5652b2e0,FUCK
cf5be35a,FUCK
b85cd3cc,万豪金业
28e3ce5d,淘领地
5fe4fecb,FUCK
3f23772e,FUCK
482447b8,FUCK
d12d1602,优品潮商贸有限公司
a62a2694,悦天使
384eb337,FUCK
4f4983a1,FUCK
d640d21b,FUCK
a147e28d,Money在线;Algorand
31f8ff1c,mt4;创盈智投;汇丰联合
46ffcf8a,香港富铖集团
140e24ed,金源财富
6309147b,花生日记;卡盟金服
fa0045c1,FUCK
8d077557,FUCK
1363e0f4,嘉银普惠;多啦聚财
6464d062,恒信环球投资
fd6d81d8,FUCK
8a6ab14e,FUCK
1ad5acdf,爱汇客外汇
6dd29c49,以太坊;比特币;长亚集团
0d1515ac,FUCK
7a12253a,FUCK
e31b7480,FUCK
941c4416,兴业投资管理公司
0a78d1b5,FUCK
7d7fe123,汇信;青岛汇信互联外贸
e476b099,亿久商城
9371800f,友金所;拍拍贷;多米金融
03ce9d9e,趣渔乐;趣步
74c9ad08,FUCK
4254836b,PPmoney网贷;拍拍贷
3553b3fd,TradeMax;比特币
ac5ae247,FUCK
db5dd2d1,FUCK
45394772,FUCK
323e77e4,梵大集团
ab37265e,有脉金控
dc3016c8,FUCK
4c8f0b59,小豹科技有限公司
3b883bcf,英皇金融国际;英皇国际金业
5b4fb22a,万氏国际
2c4882bc,FUCK
b541d306,和信贷
c246e390,AGK理财
5c227633,江苏大圆银泰贵金属现货;江苏大圆银泰商品
2b2546a5,五行币
b22c171f,钱嗨娱乐
c52b2789,FUCK
55943a18,喆颢诺德;宜信财富;诺德基金;诺德基金管理有限公司;宜信惠民;宜信惠
22930a8e,有融网
7062e1e9,璀璨控股
0765d17f,FUCK
9e6c80c5,百倍币
e96bb053,世纪金业
770f25f0,玖富
00081566,比特币
990144dc,KVB昆仑国际
ee06744a,FUCK
7eb969db,FUCK
09be594d,币安;PLUSTOKEN;TERA所;TERA
6979d0a8,FUCK
1e7ee03e,易通贷
8777b184,天拓国际外汇
f0708112,度王金服
6e1414b1,FUCK
19132427,简啦啦简啦啦;简啦啦;简啦啦生物科技有限公司
801a759d,FUCK
f71d450b,FUCK
67a2589a,东方资本;老虎汇
10a5680c,wotoken;塞尔链
eee1cc67,FUCK
99e6fcf1,易信在线;速汇国际;艾克国际;易信维权;优信;中北选买股期权;中·首投资;易信;ATTEX
00efad4b,云联惠
77e89ddd,霸屏天下;乐发传媒
e98c087e,FUCK
9e8b38e8,FUCK
07826952,奇牛国际
708559c4,谋成创汇;谋成创汇谋成创汇
e03a4455,蓝莓花花
973d74c3,FUCK
f7fafd26,多米金融
80fdcdb0,FUCK
19f49c0a,FUCK
6ef3ac9c,FUCK
f097393f,荔枝山庄
879009a9,FUCK
1e995813,FUCK
699e6885,FUCK
f9217514,FUCK
8e264582,FUCK
27fa2c58,TTEX;TTEX天天交易所;比特币
50fd1cce,鼎汇金融
c9f44d74,FUCK
bef37de2,美豹金融
2097e841,牧宝理财
5790d8d7,海航聚宝汇
ce99896d,FUCK
b99eb9fb,FUCK
2921a46a,华泰逸富国际期货
5e2694fc,FUCK
3ee11d19,FUCK
49e62d8f,FUCK
d0ef7c35,Filecoin;比特币
a7e84ca3,全球看点;趣步
398cd900,FUCK
4e8be996,bkexglobal;活期宝
d782b82c,FUCK
a08588ba,周转信箱
303a952b,FUCK
473da5bd,FUCK
15cc4eda,FUCK
62cb7e4c,FUCK
fbc22ff6,FUCK
8cc51f60,四川润通现货;四川润通商品现货市场有限公司;润通商城;润通现货
12a18ac3,微交易
65a6ba55,小诸葛金服;悟空理财;融牛在线;融牛之家
fcafebef,Vpay支付;VP财富;Vpay
8ba8db79,FUCK
1b17c6e8,AGK理财拆分盘
6c10f67e,FUCK
0cd77f9b,小诸葛金服
7bd04f0d,FUCK
e2d91eb7,辰麟宝
95de2e21,玖富;玖富钱包
0bbabb82,FUCK
7cbd8b14,中能国际
e5b4daae,车享链
92b3ea38,惠富天下
020cf7a9,布尔金融
750bc73f,gmg
4396e95c,FUCK
3491d9ca,FUCK
ad988870,迈阿币Mmcoin;迈阿币
da9fb8e6,FUCK
44fb2d45,创客;5050;华夏云商;瑞景之家
33fc1dd3,新橙优品
aaf54c69,FUCK
ddf27cff,FUCK
4d4d616e,FUCK
3a4a51f8,BFC区块链
5a8dd81d,FUCK
2d8ae88b,浙江盈米科技
b483b931,谋成创汇
c38489a7,小米有品有鱼
5de01c04,FUCK
2ae72c92,盈联影视;广州天河某城
b3ee7d28,FUCK
c4e94dbe,bitmex
5456502f,亚欧币;唐小僧母公司资邦金服
235160b9,悟空金服;车融宝
71a08bde,玖富叮当贷
06a7bb48,FUCK
9faeeaf2,FUCK
e8a9da64,秒钱
76cd4fc7,FUCK
01ca7f51,FUCK
98c32eeb,以太坊;Gaiachain;比特币
efc41e7d,FUCK
7f7b03ec,比特币
087c337a,我要战大圣
68bbba9f,玖富钱包;甲阳国际
1fbc8a09,FUCK
86b5dbb3,谋成创汇;谋成创汇谋成创汇
f1b2eb25,布尔金融;钜派投资
6fd67e86,FUCK
18d14e10,FUCK
81d81faa,聚合钱包
f6df2f3c,北京通金所;通金所
666032ad,百益策略;华安策略;汇丰联合
1167023b,FUCK
ef23a650,喜团
982496c6,Chainbook
012dc77c,创客亿家
762af7ea,诺德基金;诺德
e84e6249,FUCK
9f4952df,FUCK
06400365,比特币;火币网
714733f3,金吉利宝
e1f82e62,雀尚枝头
96ff1ef4,比特币
f6389711,FUCK
813fa787,夸客金融
1836f63d,嘉信集团;安徽苏启化工有限公司
6f31c6ab,FUCK
f1555308,navifx
8652639e,FUCK
1f5b3224,龙虾发财
685c02b2,幸运十二生肖
f8e31f23,汇泰在线
8fe42fb5,中聚明投平台
2ca66b65,FRCoin;比特币
5ba15bf3,FUCK
c2a80a49,期金管家
b5af3adf,小溪省钱
2bcbaf7c,玖富;快贷贷款;玖富叮当贷;真好花
5ccc9fea,东兴金服
c5c5ce50,全民养牛;玖富钱包;爱钱进;麻袋财富;PPmoney
b2c2fec6,FUCK
227de357,FUCK
557ad3c1,全球购
35bd5a24,中数信安
42ba6ab2,FUCK
dbb33b08,FUCK
acb40b9e,广西金宝通
32d09e3d,中瑞财讯
45d7aeab,FUCK
dcdeff11,挂挂赚;财神爷
abd9cf87,FUCK
3b66d216,FUCK
4c61e280,维客特
1e9009e7,银生宝
69973971,蒂亚方舟
f09e68cb,先汇国际
8799585d,易信维权
19fdcdfe,成都市瑞志企业管理咨询有限公司
6efafd68,FUCK
f7f3acd2,吉悠
80f49c44,水象分期;象分期
104b81d5,阅非商城;火牛视频;haha视频;众人帮;小趣宝藏;友派小视频
674cb143,盈信国际;优信;中融国际;ETOmarkets
078b38a6,vkmall
708c0830,FUCK
e985598a,FUCK
9e82691c,创世金库
00e6fcbf,金帛投资
77e1cc29,托富链
eee89d93,喜团网;喜团
99efad05,Filecoin;比特币
0950b094,FUCK
7e578002,芒果大V
48caae61,FUCK
3fcd9ef7,米袋理财
a6c4cf4d,周转宝盒
d1c3ffdb,亦跑
4fa76a78,微多猫;微小宠
38a05aee,礼赞商城
a1a90b54,高佣联盟
d6ae3bc2,牧宝理财
46112653,众人帮
311616c5,HKC;以太坊;麻吉宝;CNHKC;CNHKCCNHKC
51d19f20,aet外汇
26d6afb6,FUCK
bfdffe0c,FUCK
c8d8ce9a,FUCK
56bc5b39,香港富盈国际;融股通;金赢策略;聚点国际;菲特尔国际
21bb6baf,FUCK
b8b23a15,FUCK
cfb50a83,FUCK
5f0a1712,链信和智慧晶;全球看点;爱打卡
280d2784,嘉银普惠;多啦聚财
7afccce3,FUCK
0dfbfc75,Youbank
94f2adcf,安凯国际
e3f59d59,狗狗币;比特狗
7d9108fa,钱来也
0a96386c,火币
939f69d6,以太坊
e4985940,英皇宝
742744d1,FUCK
03207447,微多猫
63e7fda2,FUCK
14e0cd34,FUCK
8de99c8e,添富宝云交易;金盛微交易;中金云交易;微交易平台;北京大宗商品交易所;微交易
faeeac18,奢华庄园
648a39bb,红豆卡
138d092d,FUCK
8a845897,FUCK
fd836801,嘉信期货
6d3c7590,景鸿环球集团
1a3b4506,FUCK
e47fe16d,嗨团
9378d1fb,HT
0a718041,华融金融
7d76b0d7,FUCK
e3122574,FUCK
941515e2,FUCK
0d1c4458,FUCK
7a1b74ce,鼎诚创投
eaa4695f,FUCK
9da359c9,腾讯控股;友信智投
fd64d02c,淘金网;反波胆
8a63e0ba,FUCK
136ab100,链塔科技;链塔
646d8196,FUCK
fa091435,FUCK
8d0e24a3,FUCK
14077519,渝农商金融租赁有限责任公司
6300458f,钱嗨娱乐
f3bf581e,趣钱网;以太坊;比特币;普银币
84b86888,FUCK
2d640152,币安;PTFX普顿;波场超级社区;四川润通现货;BNB;Plustoken
5a6331c4,速汇国际
c36a607e,FUCK
b46d50e8,硕威投资
2a09c54b,喜欢钱包侠;钱包侠
5d0ef5dd,FUCK
c407a467,金斧子
b30094f1,FUCK
23bf8960,创世银库和创世银库;创世银库
54b8b9f6,FUCK
347f3013,快鸟金服
43780085,水象分期;象分期
da71513f,FUCK
ad7661a9,聚合钱包
3312f40a,小米有品有鱼
4415c49c,FUCK
dd1c9526,玖富钱包;甲阳国际
aa1ba5b0,名扬策略
3aa4b821,FUCK
4da388b7,FUCK
1f5263d0,弘山财富
68555346,FUCK
f15c02fc,FUCK
865b326a,焱丰金服;腾邦创投;元太金服;存德投资管理有限公司
183fa7c9,FUCK
6f38975f,wotoken
f631c6e5,玛伊国际
8136f673,FUCK
1189ebe2,FUCK
668edb74,FUCK
06495291,俞丰财富
714e6207,全网乐购
e84733bd,麻麻购
9f40032b,拍拍贷;收获宝
01249688,FUCK
7623a61e,金斧子
ef2af7a4,FUCK
982dc732,富豪资本;FargoFina富豪资本;高盛国际;金银集团
0892daa3,易通创客趣步
7f95ea35,鑫东投资
4908c456,安徽智慧;智慧商城
3e0ff4c0,深圳聚电智能科技股份有限公司
a706a57a,FUCK
d00195ec,TF环球金融
4e65004f,SQL数据链;万福币;流量魔盒
396230d9,VV农场
a06b6163,玖富;悟空理财
d76c51f5,心语通讯;河南鑫语电子科技有限公司
47d34c64,玖富钱包;陆金所
30d47cf2,FUCK
5013f517,股亿讯
2714c581,诺亚财富
be1d943b,好省
c91aa4ad,人人公益
577e310e,天鑫金融
20790198,FUCK
b9705022,FUCK
ce7760b4,玖富;玖富钱包
5ec87d25,山东必普电子商务有限公司;山东必普想
29cf4db3,泛亚交易
7b3ea6d4,capstone凯石
0c399642,FUCK
9530c7f8,钛谷文化西谷文交所;佰仟金融服务有限公司;火石宝城;安徽恒峰投资有限公司
e237f76e,融牛之家;和信贷;融牛在线
7c5362cd,微信跑分
0b54525b,FUCK
925d03e1,iotoken
e55a3377,云联惠;北京宏图富邦投资管理有限公司;贝尔链;华登区块狗;永胜国际
75e52ee6,FUCK
02e21e70,九药网;汇投网
62259795,FUCK
1522a703,FUCK
8c2bf6b9,龙盈理财
fb2cc62f,以太坊;亚泰坊币
6548538c,富宏国际
124f631a,FUCK
8b4632a0,FUCK
fc410236,中鼎金服;中鼎国服;比特币;哈罗单车
6cfe1fa7,万豪金业
1bf92f31,托富链;爱润妍
e5bd8b5a,亦跑;趣步
92babbcc,51策略盈;恒银金融
0bb3ea76,FUCK
7cb4dae0,喜团
e2d04f43,杨梅白卡
95d77fd5,光大云富;光大资管;光大资本
0cde2e6f,飞贷;飞贷云
7bd91ef9,名扬策略
eb660368,云尊链;Fcoin;云尊链WINBIT
9c6133fe,FUCK
fca6ba1b,广州尚洁科技有限公司
8ba18a8d,FUCK
12a8db37,FUCK
65afeba1,创世大发
fbcb7e02,蓝莓花花蓝莓花花;蓝莓花花家;蓝莓花花贷款;蓝莓花花
8ccc4e94,欧达币EGK
15c51f2e,FUCK
62c22fb8,华克金;MBI;榴莲币
f27d3229,FUCK
857a02bf,FUCK
b427a317,TradeMax;比特币
c3209381,JMC共赢生态链
5a29c23b,FUCK
2d2ef2ad,GoldenPacer;优信
b34a670e,FUCK
c44d5798,未来集市
5d440622,FUCK
2a4336b4,FUCK
bafc2b25,FUCK
cdfb1bb3,PTFX;PTFX普顿外汇
ad3c9256,FUCK
da3ba2c0,EXPASSET
4332f37a,FUCK
3435c3ec,凤凰金融;蜜蜂聚财
aa51564f,FUCK
dd5666d9,FUCK
445f3763,FUCK
335807f5,PTFX;火币HT;PTFX普顿;波场超级社区;Plustoken;钜富金融
a3e71a64,诺德
d4e02af2,加油宝
8611c195,霸屏天下;小趣宝藏
f116f103,WanShare
681fa0b9,鑫东投资
1f18902f,FUCK
817c058c,钱宝网;比特币
f67b351a,淘气购商城;淘气购
6f7264a0,哈银金融租赁有限责任公司
18755436,FUCK
88ca49a7,克链信;夸克连链信;链信;夸克链信;夸克区块链
ffcd7931,以太坊;CNHKC
9f0af0d4,乾联国际
e80dc042,以太坊;环球之音
710491f8,Epay;火币;币快报;火牛视频
0603a16e,FUCK
986734cd,全球看点GSB全球看点;趣步;流量魔盒;全球看点;GEC趣步智慧晶;智慧晶
ef60045b,卓德小卓卓德平台
766955e1,FUCK
016e6577,中联亿配
91d178e6,东影宝;趣豆
e6d64870,FUCK
d04b6613,天源投资有限公司;天源汇;君联资本
a74c5685,FUCK
3e45073f,众金服
494237a9,cambridgeassociates;佑佑宝贝
d726a20a,usgfx联准优视;usg联准国际
a021929c,金秋财富
3928c326,aeforex极星金融;auroraener
4e2ff3b0,FUCK
de90ee21,万豪金业
a997deb7,小米有品有鱼
c9505752,蚂蚁淘金福;九霄商城;蚂蚁币
be5767c4,FUCK
275e367e,厚福无疆
505906e8,小猫来财
ce3d934b,派派猪资金;派派猪网贷;易票宝
b93aa3dd,以太坊;比特币
2033f267,维卡币;五行币;莱汇币;万福币;暗黑币;亚欧币;GCB光彩币
5734c2f1,以太坊;CNHKC
c78bdf60,飞迟财富
b08ceff6,诺德
e27d0491,FUCK
957a3407,今有米
0c7365bd,岁越之家
7b74552b,亦跑
e510c088,比特币
9217f01e,FUCK
0b1ea1a4,FUCK
7c199132,AILIZHE艾丽哲;艾丽哲
eca68ca3,皇瑞科技股份有限公司
9ba1bc35,FUCK
fb6635d0,中赢金融;生菜金融;拍拍贷;君联资本
8c610546,FUCK
156854fc,GEC币
626f646a,神州长城
fc0bf1c9,华克金;MBI;榴莲币
8b0cc15f,恒秀创投
120590e5,香港华尊融资担保有限公司;龙鼎在线;美银美林金融
6502a073,FUCK
f5bdbde2,FUCK
82ba8d74,FUCK
7cfe291f,FUCK
0bf91989,FUCK
92f04833,风雨无忧
e5f778a5,世纪金业
7b93ed06,宿爱;天空之城
0c94dd90,FUCK
959d8c2a,FUCK
e29abcbc,SuperToken超级钱包;以太坊;SuperToken;SuperToken钱包;超级钱包
7225a12d,小米之家;上海大悦城
052291bb,展荣财富
65e5185e,FUCK
12e228c8,FUCK
8beb7972,GoldenPacer;优信
fcec49e4,FUCK
6288dc47,盈联影视;广州天河某城
158fecd1,焕呗
8c86bd6b,以汇联智投;汇联智投;汇联金融智投
fb818dfd,蜜蜂花园
6b3e906c,FUCK
1c39a0fa,币盛汇;比特币
b5e5c920,北京世通宝网络科技有限公司
c2e2f9b6,阿Q庄园
5beba80c,顺心花花
2cec989a,天裕金宝
b2880d39,FUCK
c58f3daf,恒利金业;◎盈茀国际;美银金融
5c866c15,FUCK
2b815c83,牛钱网
bb3e4112,FUCK
cc397184,创客;5050;华夏云商;瑞景之家
acfef861,爱客金融
dbf9c8f7,瑞波币;比特币
42f0994d,金银猫
35f7a9db,e抵快贷
ab933c78,奥美集团;OTM奥美外汇
dc940cee,火币
459d5d54,FUCK
329a6dc2,FUCK
a2257053,BT比特国际;牛掌柜
d52240c5,FUCK
87d3aba2,镐丰资产管理有限公司;金鼠贷
f0d49b34,FUCK
69ddca8e,FUCK
1edafa18,FUCK
80be6fbb,巨石财富GGtrade投资平台;巨石财富
f7b95f2d,火币
6eb00e97,挂挂赚
19b73e01,金富国际
89082390,汇盈飞科技;吉祥兔
fe0f1306,FUCK
9ec89ae3,创客;5050;华夏云商;瑞景之家
e9cfaa75,卓德外汇平台
70c6fbcf,FUCK
07c1cb59,FUCK
99a55efa,FUCK
eea26e6c,FUCK
77ab3fd6,联贝德;以太坊;比特币
00ac0f40,微多猫
901312d1,阳光家族
e7142247,天裕泓盛
d1890c24,FUCK
a68e3cb2,FUCK
3f876d08,德聚理财
48805d9e,FUCK
d6e4c83d,FUCK
a1e3f8ab,FUCK
38eaa911,FUCK
4fed9987,FUCK
df528416,FUCK
a855b480,dcofx
c8923d65,以太坊;比特币;FAC时尚币;FAC时尚链
bf950df3,凯顿
269c5c49,邦富在线
519b6cdf,FUCK
cffff97c,FUCK
b8f8c9ea,银米金服;之信控股;之信集团;国瀚金控;米融宝
21f19850,FUCK
56f6a8c6,微多猫
c649b557,FUCK
b14e85c1,汇信;青岛汇信互联外贸
e3bf6ea6,FUCK
94b85e30,美联金融集团;移民
0db10f8a,牛牛通宝;江苏方舟九社网络科技有限公司
7ab63f1c,创客
e4d2aabf,币盈联盟
93d59a29,FUCK
0adccb93,TradeMax;TradeMax外汇平台;TradeMax外汇
7ddbfb05,春天金融;智鼎投资管理有限公司;爱钱进;合拍贷
ed64e694,FUCK
9a63d602,51赚呗
faa45fe7,FUCK
8da36f71,FUCK
14aa3ecb,维客特
63ad0e5d,FUCK
fdc99bfe,嘉盛外汇
8aceab68,蜜芽宝贝
13c7fad2,亦跑
64c0ca44,中龙创想
f47fd7d5,农行;富瑞达
8378e743,趣鱼乐;趣渔乐
7d3c4328,GTC拆分理财
0a3b73be,金大宝
93322204,蜜芽宝贝;真格基金
e4351292,百川币
7a518731,REC黄金树
0d56b7a7,FUCK
945fe61d,FUCK
e358d68b,FUCK
73e7cb1a,AGK理财;AGK理财AGK理财
04e0fb8c,亿海智投
64277269,FUCK
132042ff,微蜜国际;梵大集团
8a291345,未来集市
fd2e23d3,FUCK
634ab670,皇御环球
144d86e6,PPmoney网贷;拍拍贷
8d44d75c,小樱桃
fa43e7ca,FUCK
6afcfa5b,聚汇天下;全民影视;大唐天下;天创息壤
1dfbcacd,浙江盈米科技
b7a37779,FUCK
c0a447ef,FUCK
59ad1655,FUCK
2eaa26c3,悟空钱包
b0ceb360,FUCK
c7c983f6,宝丰国际
5ec0d24c,FUCK
29c7e2da,川商联宗商品交易中心
b978ff4b,FUCK
ce7fcfdd,FUCK
aeb84638,文语影投
d9bf76ae,小工匠
40b62714,FUCK
37b11782,FUCK
a9d58221,比特币
ded2b2b7,全球购
47dbe30d,元素;沃时贷
30dcd39b,创客
a063ce0a,爱荐宝
d764fe9c,创客
859515fb,云信金融
f292256d,FUCK
6b9b74d7,钱程无忧配资
1c9c4441,FUCK
82f8d1e2,淘气购
f5ffe174,以太坊
6cf6b0ce,FUCK
1bf18058,火趣小视频
8b4e9dc9,FUCK
fc49ad5f,FUCK
9c8e24ba,微信跑分
eb89142c,焕呗
72804596,FUCK
05877500,智慧晶
9be3e0a3,FUCK
ece4d035,FUCK
75ed818f,FUCK
02eab119,大象国际;淘金世界
9255ac88,幸运十二生肖;华登区块狗
e5529c1e,火萤棋牌
d3cfb27d,诺德外汇;诺德
a4c882eb,安信金控;笛派斯;善行天下
3dc1d351,FUCK
4ac6e3c7,5050;华夏云商;瑞景之家
d4a27664,逸富国际期货;逸富国际
a3a546f2,趣步
3aac1748,爱打卡;智慧晶
4dab27de,FUCK
dd143a4f,中讯策略
aa130ad9,华融金融租赁股份有限公司
cad4833c,FRCoin;比特币;新货币FRCoin
bdd3b3aa,OTM奥美外汇;OTMTrade奥美集团
24dae210,超级人脉
53ddd286,FUCK
cdb94725,马上智能管家
babe77b3,FUCK
23b72609,FUCK
54b0169f,链城亿购
c40f0b0e,FUCK
b3083b98,TTEX;TTEX天天交易所
e1f9d0ff,FUCK
96fee069,德意志银行
0ff7b1d3,FUCK
78f08145,Libertex;ForexClub福瑞斯国际金融集团;比特币
e69414e6,艾尔链
91932470,维卡币;五行币;莱汇币;万福币;暗黑币;亚欧币;GCB光彩币
089a75ca,FUCK
7f9d455c,全球看点;智慧晶
ef2258cd,币快报;火币;Mchain;火牛视频
9825685b,FUCK
f8e2e1be,米袋理财
8fe5d128,天天特惠新
16ec8092,蓝晶社;蓝晶社APP
61ebb004,闻喜配资
ff8f25a7,FUCK
88881531,创客
1181448b,中浙金控;恒利金业
6686741d,FUCK
f639698c,亿润贷宜易宝;拍拍贷
813e591a,FUCK
7f7afd71,环球金股汇
087dcde7,金殿环球;嘉盛外汇
91749c5d,FUCK
e673accb,FUCK
78173968,创世金库
0f1009fe,谋成创汇;谋成创汇谋成创汇
96195844,FUCK
e11e68d2,汇兴智业
71a17543,邦富在线
06a645d5,FUCK
6661cc30,凯捷金融gkfx;o凯捷金融gkfx
1166fca6,FUCK
886fad1c,华北大宗;飞客在线;华北大宗商品交易中心
ff689d8a,CloudMiner
610c0829,FUCK
160b38bf,FUCK
8f026905,陆金所;红岭创投;链链金融
f8055993,时汇创富
68ba4402,全球看点
1fbd7494,度王金服
b6611d4e,江苏银德投资管理有限公司;环球财富;南京禧德文化传播有限公司;‘银德投资;银德基金;南京禧德文化文化传播有限公司
c1662dd8,吉林鼎邦集团
586f7c62,FUCK
2f684cf4,FUCK
b10cd957,FUCK
c60be9c1,淘优乐
5f02b87b,颐和果园;辰颐物语果园;辰颐物语
280588ed,fxvgi
b8ba957c,FUCK
cfbda5ea,虹奥财富
af7a2c0f,FUCK
d87d1c99,FUCK
41744d23,FUCK
36737db5,plustoken;幸运十二生肖;华登区块狗;微云全球;九星十三星创客
a817e816,FUCK
df10d880,天汇金融
4619893a,恒昌众鼎融资租赁有限公司;恒昌财富
311eb9ac,天津文化产业小额贷款有限公司
a1a1a43d,朵色彩妆工厂;太阳国际
d6a694ab,FUCK
84577fcc,蚂蚁淘金福;九霄商城;蚂蚁币
f3504f5a,中泰证券
6a591ee0,FUCK
1d5e2e76,FUCK
833abbd5,FUCK
f43d8b43,FUCK
6d34daf9,帮呗VS科呗;帮呗
1a33ea6f,FUCK
8a8cf7fe,香港富盈国际;菲特尔国际
fd8bc768,LISINE;LISINEX
9d4c4e8d,广州尚洁科技有限公司
ea4b7e1b,FUCK
73422fa1,FUCK
04451f37,FUCK
9a218a94,FUCK
ed26ba02,FUCK
742febb8,钱来也;钱来也钱来也;帛扬集团
0328db2e,FUCK
9397c6bf,FUCK
e490f629,trfx
d20dd84a,简啦啦
a50ae8dc,OTM奥美外汇
3c03b966,FUCK
4b0489f0,新橙优品
d5601c53,鼎赢牛专业股票配资
a2672cc5,云联惠;人人公益;天创息壤
3b6e7d7f,富通环球投资
4c694de9,小龟软件
dcd65078,FUCK
abd160ee,GECLETSGETTHEJOB
cb16e90b,FUCK
bc11d99d,悟空钱包
25188827,微多猫
521fb8b1,比特币;filecoin
cc7b2d12,火萤棋牌
bb7c1d84,FUCK
22754c3e,FUCK
55727ca8,聚诺财富;酬信财富
c5cd6139,MMM国际
b2ca51af,火币
e03bbac8,FUCK
973c8a5e,FUCK
0e35dbe4,FUCK
7932eb72,钱来也;钱来也钱来也;帛扬集团
e7567ed1,FUCK
90514e47,FUCK
09581ffd,FUCK
7e5f2f6b,FUCK
eee032fa,FUCK
99e7026c,米库帮贷;米库帮
f9208b89,FUCK
8e27bb1f,优信
172eeaa5,皇御环球
6029da33,FUCK
fe4d4f90,FUCK
894a7f06,人人汇
10432ebc,鸿汇国际
67441e2a,阳光家族
f7fb03bb,FUCK
80fc332d,华镇控股
7eb89746,FUCK
09bfa7d0,FUCK
90b6f66a,FUCK
e7b1c6fc,火萤棋牌
79d5535f,FUCK
0ed263c9,FUCK
97db3273,大笨象商城
e0dc02e5,微云全球
70631f74,FUCK
07642fe2,FUCK
67a3a607,FUCK
10a49691,金秋财富
89adc72b,智圣金服
feaaf7bd,印象口袋
60ce621e,FUCK
17c95288,以太坊;比特币;维基链
8ec00332,易信
f9c733a4,BICOOL
69782e35,FUCK
1e7f1ea3,QC商城
b32e0bcb,环球之音
c4293b5d,比特币;比特儿
5d206ae7,大田环球
2a275a71,FUCK
b443cfd2,蜜蜂花园
c344ff44,FUCK
5a4daefe,邦富在线
2d4a9e68,FUCK
bdf583f9,万象国际
caf2b36f,吉祥币
aa353a8a,PTFX;普华在线;PTFX普顿;PTFX普顿外汇
dd320a1c,瑞波币
443b5ba6,FUCK
333c6b30,宝丰国际;traderbrand;mt4
ad58fe93,FUCK
da5fce05,FUCK
43569fbf,黄金原油
3451af29,远特喜牛
a4eeb2b8,FUCK
d3e9822e,FUCK
81186949,上有财金
f61f59df,FUCK
6f160865,FUCK
181138f3,FUCK
8675ad50,EXPASSET
f1729dc6,CFX圆汇金融;FX圆汇金融
687bcc7c,FUCK
1f7cfcea,FUCK
8fc3e17b,达世币;FutureNet旗下Futurocore;空气币
f8c4d1ed,FUCK
98035808,MchainMchain;Mchain现状 Mchain;以太坊;Mchain;Mchain云矿机;Mchain  Mchain也叫M链
ef04689e,FUCK
760d3924,FUCK
010a09b2,维卡币;Onecoin
9f6e9c11,海汇国际;卓德集团;HIIFX海汇国际;HIIFX海汇;海汇
e869ac87,牧宝理财;以牧宝理财
7160fd3d,易通创客
0667cdab,天亿福搂宝
96d8d03a,FUCK
e1dfe0ac,Imcash;比特币
d742cecf,FUCK
a045fe59,FUCK
394cafe3,借亦有道
4e4b9f75,狗狗币
d02f0ad6,辣妈总管
a7283a40,百倍币;快链星球;BitGain交易所
3e216bfa,FUCK
49265b6c,FUCK
d99946fd,FUCK
ae9e766b,FUCK
ce59ff8e,和茶商城
b95ecf18,金吉利宝;金吉利宝金吉利宝;红八财富
20579ea2,淘富宝
5750ae34,FUCK
c9343b97,易拉宝;全球看点;智慧晶;趣步
be330b01,FUCK
273a5abb,FUCK
503d6a2d,FUCK
c08277bc,君迪影视;辰威影视;京都影视;顺天影视;玉卓影视
b785472a,iFuture矿场;iFuture;iWallet钱包;iFutureD
e574ac4d,弘晟外汇;富盈国际
92739cdb,FUCK
0b7acd61,幸运十二生肖
7c7dfdf7,Algorand基金会;火币;以太坊;创世资本;Algo;Algorand
e2196854,湖南坤海新能源投资管理有限公司
951e58c2,BNB;以太坊;BNB&HT
0c170978,比特币;IIIBTC交易所
7b1039ee,FUCK
ebaf247f,派派猪网贷;易票宝
9ca814e9,大田环球
fc6f9d0c,诺德
8b68ad9a,FUCK
1261fc20,FUCK
6566ccb6,FUCK
fb025915,懒财网;懒财宝;HT
8c056983,华宝基金;贝莱德集团;科创板
150c3839,aisa爱莎外汇
620b08af,微多猫
f2b4153e,成泉策略
85b325a8,FUCK
7bf781c3,aisa爱莎外汇
0cf0b155,FUCK
95f9e0ef,FUCK
e2fed079,FUCK
7c9a45da,福建畅丰机械集团有限公司
0b9d754c,华登区块狗
929424f6,GEC币;GEC
e5931460,琼华网
752c09f1,大象国际;大象币;淘宝网;大象理财
022b3967,FUCK
62ecb082,微多猫
15eb8014,以太坊;Mchain矿机
8ce2d1ae,FUCK
fbe5e138,FUCK
6581749b,超级人脉
1286440d,FUCK
8b8f15b7,FUCK
fc882521,FUCK
6c3738b0,ALB;SMI;比特币
1b300826,小樱桃
b2ec61fc,和信贷
c5eb516a,FUCK
5ce200d0,FUCK
2be53046,云尊集团;云尊币;winbitex
b581a5e5,BossToken
c2869573,FUCK
5b8fc4c9,创客;5050;华夏云商;瑞景之家
2c88f45f,FUCK
bc37e9ce,比原链;火币网
cb30d958,iotoen;iotoken
abf750bd,峥嵘财富
dcf0602b,恒天地产
45f93191,微云全球;微云全球
32fe0107,富管家;天安金交中心;天安金交所
ac9a94a4,车享链
db9da432,FX;AFMFX公司;AFMFX
4294f588,CashShuffle
3593c51e,环球金汇网
a52cd88f,网易星球
d22be819,FUCK
80da037e,FUCK
f7dd33e8,币盈联盟
6ed46252,鼎诚创投
19d352c4,FUCK
87b7c767,香港世纪金业
f0b0f7f1,以太森林;以太森林加密钱包;以太森林YTC
69b9a64b,FUCK
1ebe96dd,有没有;钱保姆
8e018b4c,Wpay;wpay;Wpay钱包
f906bbda,FUCK
99c1323f,FUCK
eec602a9,FUCK
77cf5313,FUCK
00c86385,万豪金业
9eacf626,共享宝
e9abc6b0,景顺长城基金
70a2970a,FUCK
07a5a79c,蚂蚁巴士
971aba0d,Lisinex;oranflag
e01d8a9b,FUCK
d680a4f8,钱嗨娱乐
a187946e,未来集市
388ec5d4,玖富
4f89f542,FUCK
d1ed60e1,FUCK
a6ea5077,FUCK
3fe301cd,FUCK
48e4315b,ACY稀万
d85b2cca,猫之链
af5c1c5c,钱香金融;大智慧
cf9b95b9,FUCK
b89ca52f,空气币;反波胆
2195f495,芒果口袋
5692c403,FUCK
c8f651a0,FUCK
bff16136,FUCK
26f8308c,map
51ff001a,斐讯;斐讯商城;斐讯斐讯;斐讯和联璧金融
c1401d8b,GTC拆分理财
b6472d1d,FUCK
e4b6c67a,FUCK
93b1f6ec,中龙创想理财;中龙创想
0ab8a756,FUCK
7dbf97c0,FUCK
e3db0263,FUCK
94dc32f5,全民养鱼
0dd5634f,汇联智投
7ad253d9,FUCK
ea6d4e48,闪电借款;蚂蚁巴士
9d6a7ede,FUCK
fdadf73b,FUCK
8aaac7ad,FUCK
13a39617,FUCK
64a4a681,FUCK
fac03322,FUCK
8dc703b4,FUCK
14ce520e,温商贷
63c96298,币盛汇;比特币
f3767f09,中瑞财讯;世纪金业
84714f9f,FUCK
7a35ebf4,易信;easyMarkets易信;easyMarkets;易信金融
0d32db62,gsgforex外汇平台
943b8ad8,小溪省钱链;小溪省钱
e33cba4e,世舟之家金融;世舟之家
7d582fed,趣店
0a5f1f7b,FUCK
93564ec1,FUCK
e4517e57,达世币;以太坊;币赢网;加密猫
74ee63c6,FUCK
03e95350,华誉环亚外汇
632edab5,FUCK
1429ea23,FUCK
8d20bb99,存德投资
fa278b0f,喜团
64431eac,FUCK
13442e3a,好信分期;时空周转
8a4d7f80,FUCK
fd4a4f16,FUCK
6df55287,iotoken钱包
1af26211,以太坊
b0aadfa5,万氏国际
c7adef33,远特喜牛通信;远特喜牛通讯
5ea4be89,FUCK
29a38e1f,逸富国际
b7c71bbc,天庭云生活;微交易;亨特国际;乾通国际
c0c02b2a,FUCK
59c97a90,FUCK
2ece4a06,盾安;泓德基金
be715797,FUCK
c9766701,弘华佛学院
a9b1eee4,FUCK
deb6de72,cqs外汇
47bf8fc8,邦君悠购
30b8bf5e,腾邦现货
aedc2afd,FUCK
d9db1a6b,友信
40d24bd1,华景无限逍遥卡;华景无限逍遥卡华景无限
37d57b47,FUCK
a76a66d6,增融财富
d06d5640,印象口袋
829cbd27,FUCK
f59b8db1,淘钱宝
6c92dc0b,CashShuffle
1b95ec9d,FUCK
85f1793e,汉富资本
f2f649a8,FUCK
6bff1812,小兔救急
1cf82884,FUCK
8c473515,FUCK
fb400583,FUCK
9b878c66,商机头条
ec80bcf0,FUCK
7589ed4a,她理财
028edddc,辰颐物语
9cea487f,FUCK
ebed78e9,axitrader外汇
72e42953,峥嵘财富
05e319c5,友信智投uSMART;友信智投
955c0454,FUCK
e25b34c2,FUCK
d4c61aa1,FUCK
a3c12a37,FUCK
3ac87b8d,FUCK
4dcf4b1b,吉丰财富;吉丰金服
d3abdeb8,FUCK
a4acee2e,米房借条米房借条;米房借条
3da5bf94,FUCK
4aa28f02,OTM奥美外汇;otm奥美外汇;otm奥美集团;otm奥美集团信托外汇;OTM奥美集团信托外汇;OTM奥美集团
da1d9293,京信链
ad1aa205,FUCK
cddd2be0,借易通贷;借易通;易通贷
bada1b76,汇联智投
23d34acc,大姐花
54d47a5a,雅堂金融
cab0eff9,影艺影视;中金影视;金谷影视
bdb7df6f,甜橙金融
24be8ed5,横琴新区稀贵交易中心有限公司
53b9be43,干股帮
c306a3d2,火币
b4019344,布尔金融;冠联投资家园
e6f07823,TTEX;TTEX天天交易所;比特币
91f748b5,FUCK
08fe190f,有脉金控
7ff92999,FUCK
e19dbc3a,黑钻;莱茨狗;比特币;公信宝
969a8cac,FUCK
0f93dd16,FUCK
7894ed80,FXBTC;比特币
e82bf011,FUCK
9f2cc087,FUCK
ffeb4962,佰仟金融;多啦聚财;中金在线;环球财富
88ec79f4,PPmoney网贷;杉易贷
11e5284e,FUCK
66e218d8,精灵家园
f8868d7b,FUCK
8f81bded,河南盈鑫金融服务有限公司
1688ec57,海航聚宝汇
618fdcc1,远特喜牛通讯
f130c150,京开创投
8637f1c6,FUCK
787355ad,广州天河区大象健康科技有限公司;健康猫
0f74653b,FUCK
967d3481,金殿环球金融投资集团;GoldenPalaceGlobal
e17a0417,FUCK
7f1e91b4,FUCK
0819a122,FUCK
9110f098,祥和盛铭;花果金融
e617c00e,月光侠分期;熊猫钱包;万利宝;新橙优品;小黑鱼;贷超小黑鱼
76a8dd9f,FUCK
01afed09,以太坊;ChainX
616864ec,FUCK
166f547a,FUCK
8f6605c0,众盈环球
f8613556,FUCK
6605a0f5,FUCK
11029063,理想家园lx商城;LX商城
880bc1d9,FUCK
ff0cf14f,友信智投uSMART;友信智投
6fb3ecde,FUCK
18b4dc48,FUCK
b168b592,前海开源
c66f8504,FUCK
5f66d4be,云联惠;华军合创;荔枝庄园;悦花越有;优维国际;HKC;吉祥兔;ADC;干股帮;鼎盛盈通贷你盈;牛牛通宝
2861e428,FUCK
b605718b,FUCK
c102411d,新橙优品
580b10a7,币安;VDSEX;空气币
2f0c2031,FUCK
bfb33da0,英皇集团
c8b40d36,鲁多多
a87384d3,美联金融
df74b445,FUCK
467de5ff,华药益掌通
317ad569,FUCK
af1e40ca,瑞波离线钱包;瑞波币;比特币;瑞波国际;瑞波联储
d819705c,FUCK
411021e6,FUCK
36171170,景鸿环球集团
a6a80ce1,云信金融
d1af3c77,FUCK
835ed710,HT
f459e786,现金借款
6d50b63c,小诸葛金服;钱保姆
1a5786aa,FUCK
84331309,比特兔优选;比特兔
f334239f,鑫银宝;汇银资本
6a3d7225,创客;5050;华夏云商;瑞景之家
1d3a42b3,FUCK
8d855f22,FUCK
fa826fb4,FUCK
9a45e651,FUCK
ed42d6c7,金殿环球金融投资集团;GoldenPalaceGlobal
744b877d,火币
034cb7eb,维卡币;瑞波币;空气币
9d282248,FUCK
ea2f12de,神谷策略
73264364,新客兑
042173f2,猫之链;猫之链360
949e6e63,全民影视
e3995ef5,杭州世舟投资管理有限公司;世舟之家
d5047096,FUCK
a2034000,gtfx
3b0a11ba,FUCK
4c0d212c,秒钱
d269b48f,FUCK
a56e8419,FUCK
3c67d5a3,新橙分期
4b60e535,FUCK
dbdff8a4,FUCK
acd8c832,达世币;以太坊;超级钱包
cc1f41d7,秦川策略
bb187141,天德资产
221120fb,FUCK
5516106d,FUCK
cb7285ce,比特币
bc75b558,弘高融资租赁有限公司
257ce4e2,借亦有道;金猪发财
527bd474,火币
c2c4c9e5,FUCK
b5c3f973,全网乐购
e7321214,FUCK
90352282,FUCK
093c7338,FUCK
7e3b43ae,FUCK
e05fd60d,FUCK
9758e69b,FUCK
0e51b721,英皇金融国际
795687b7,汇置财富
e9e99a26,智慧晶
9eeeaab0,钱嗨娱乐
fe292355,秦川策略
892e13c3,TCOINS数字资产交易平台;以太坊
10274279,FUCK
672072ef,GEC
f944e74c,FUCK
8e43d7da,和信贷
174a8660,FUCK
604db6f6,PTFX;鑫汇宝;北大青鸟金融;FXBJB·北大青鸟;FXBJB·北大青鸟金融;FXBJB•北大青鸟;澳瑞克
f0f2ab67,FUCK
87f59bf1,火牛视频;红域视频;智汇魔方
79b13f9a,弘晟外汇
0eb60f0c,aet外汇
97bf5eb6,FUCK
e0b86e20,众盈外汇资管
7edcfb83,比特币
09dbcb15,酷骑单车
90d29aaf,FUCK
e7d5aa39,zulutrade
776ab7a8,昆仑国际;外汇宝;KVB昆仑国际;Gainer智能跟单社区;德意志银行;汇财通
006d873e,小米有品有鱼
60aa0edb,SMI;ALB拆分盘;互助盘
17ad3e4d,FUCK
8ea46ff7,皇玛金融
f9a35f61,e抵快贷
67c7cac2,歌斐资产;诺亚财富;中植资本;光大信托
10c0fa54,FUCK
89c9abee,惠富天下
fece9b78,PTFX普顿;MFM信托集团
6e7186e9,任乐花;任乐花贷款
1976b67f,雷顿投资
ba34f2af,积分宝
cd33c239,FUCK
543a9383,FUCK
233da315,象分期;水象分期邦劳水象分期;水象分期;象分期水象分期;象分期海口水象分期;蜜蜂农场;水象分期邦劳水象分期邦劳水象分期
bd5936b6,先汇国际
ca5e0620,FUCK
5357579a,全民养鱼;华登区块狗
2450670c,抹茶交易所
b4ef7a9d,比特币
c3e84a0b,FUCK
a32fc3ee,FUCK
d428f378,比特易
4d21a2c2,FUCK
3a269254,FUCK
a44207f7,FUCK
d3453761,秒钱
4a4c66db,FUCK
3d4b564d,特惠赚
adf44bdc,FUCK
daf37b4a,以太森林
8802902d,FUCK
ff05a0bb,腾邦现货和润通现货;润通现货
660cf101,FUCK
110bc197,酷骑单车
8f6f5434,gaea交易所
f86864a2,焕呗易货;焕呗
61613518,FUCK
1666058e,米袋理财
86d9181f,FUCK
f1de2889,盼哒科技
9119a16c,FUCK
e61e91fa,上海黄金交易所
7f17c040,FUCK
0810f0d6,上银基金管理有限公司;慧财宝;易财宝;上银慧财宝;银慧财宝
96746575,FUCK
e17355e3,CashShuffle
787a0459,FUCK
0f7d34cf,FUCK
9fc2295e,FUCK
e8c519c8,老虎外汇
de5837ab,金吉利宝
a95f073d,FUCK
30565687,京开创投
47516611,鼎诚创投
d935f3b2,FUCK
ae32c324,FUCK
373b929e,FUCK
403ca208,华药益掌通
d083bf99,荣耀配资
a7848f0f,云尊链;云尊集团;云尊币;云尊币云尊链
c74306ea,FUCK
b044367c,华登区块狗;趣步;智汇魔方
294d67c6,荔枝山庄
5e4a5750,速想购;贷上钱速想购
c02ec2f3,FUCK
b729f265,FUCK
2e20a3df,托富链
59279349,比特币
c9988ed8,佰仟金融;多啦聚财
be9fbe4e,FUCK
ec6e5529,广州因特间时尚服饰有限公司
9b6965bf,以太坊;瑞波币;比特币;瑞波联储
02603405,ForexClub福瑞斯;Libertex;ForexClub福瑞斯国际金融集团
75670493,FUCK
eb039130,长征财富
9c04a1a6,FUCK
050df01c,瑞波币;比特币
720ac08a,FUCK
e2b5dd1b,亦跑
95b2ed8d,FUCK
f5756468,FUCK
827254fe,领峰环球
1b7b0544,以太坊;比特币;智能宝
6c7c35d2,玉象金融服务有限公司;东创在线;玉象金融;和信贷;金猫在线
f218a071,泛亚交易
851f90e7,据TTEX;TTEX天天交易所
1c16c15d,聚胜财富;金统贷;钱保姆
6b11f1cb,未来集市
fbaeec5a,诺亚财富;云南信托
8ca9dccc,江苏银德投资管理有限公司;环球财富;南京禧德文化传播有限公司;‘银德投资;银德基金;南京禧德文化文化传播有限公司
72ed78a7,REC黄金树
05ea4831,鑫东投资;鑫东投资有限公司
9ce3198b,华夏云商
ebe4291d,FUCK
7580bcbe,FUCK
02878c28,钱嗨娱乐
9b8edd92,华景无限逍遥卡
ec89ed04,FUCK
7c36f095,FUCK
0b31c003,天鑫金融;GIS
6bf649e6,FUCK
1cf17970,FUCK
85f828ca,吉悠
f2ff185c,创赢财富创赢财富;创赢财富
6c9b8dff,FUCK
1b9cbd69,比特币
8295ecd3,fxvgi
f592dc45,wotoken
652dc1d4,FUCK
122af142,俞丰财富
bbf69898,中瑞财讯
ccf1a80e,昊鑫隆
55f8f9b4,FUCK
22ffc922,火萤棋牌
bc9b5c81,比特币
cb9c6c17,嘉盛外汇
52953dad,FUCK
25920d3b,迈阿币Mmcoin;比特币;迈阿币
b52d10aa,阅非商城;火牛视频
c22a203c,FUCK
a2eda9d9,FUCK
d5ea994f,FUCK
4ce3c8f5,PON\GPON;PON
3be4f863,FUCK
a5806dc0,特惠赚
d2875d56,壹壹金服;宜贷网;中钰资本
4b8e0cec,FUCK
3c893c7a,FUCK
ac3621eb,expasset
db31117d,FUCK
89c0fa1a,vkmall;Vkmall
fec7ca8c,钱嗨娱乐
67ce9b36,FUCK
10c9aba0,天创息壤
8ead3e03,世纪金业
f9aa0e95,利利金服
60a35f2f,FUCK
17a46fb9,通金所
871b7228,爱暄堂
f01c42be,小米有品有鱼
90dbcb5b,维卡币;五行币;莱汇币;万福币;暗黑币;亚欧币;GCB光彩币
e7dcfbcd,FX
7ed5aa77,FUCK
09d29ae1,牧宝理财
97b60f42,联贝德
e0b13fd4,FUCK
79b86e6e,FUCK
0ebf5ef8,FUCK
9e004369,达世币;比特币;Dash达世币
e90773ff,FUCK
df9a5d9c,宝星环球投资
a89d6d0a,加油宝
31943cb0,FUCK
46930c26,维客特
d8f79985,黄金钱包;中银国际
aff0a913,玖富;天安金交中心;米缸金融;天安财险
36f9f8a9,荔枝山庄
41fec83f,FUCK
d141d5ae,小工匠
a646e538,FUCK
c6816cdd,FUCK
b1865c4b,PTFX普顿;波场超级社区;Plustoken;MBI;四川润通现货
288f0df1,斐讯
5f883d67,璀璨控股理财;璀璨控股
c1eca8c4,FUCK
b6eb9852,Algorand基金会;火币;以太坊;创世资本;Algo;Algorand
2fe2c9e8,比特币
58e5f97e,FUCK
c85ae4ef,FUCK
bf5dd479,特惠赚
edac3f1e,蚂蚁巴士
9aab0f88,米袋理财
03a25e32,北京宏图富邦投资管理有限公司
74a56ea4,FUCK
eac1fb07,小龟软件
9dc6cb91,比特币
04cf9a2b,FUCK
73c8aabd,泰禾人寿保险有限公司
e377b72c,PTFX;波场超级社区;Plustoken
947087ba,FUCK
f4b70e5f,火币
83b03ec9,安泰雅寓
1ab96f73,FUCK
6dbe5fe5,QC商城
f3daca46,前海开源资产管理有限公司;前海开源
84ddfad0,创赢财富创赢财富;创赢财富
1dd4ab6a,蚂蚁币;蚂蚁矿场
6ad39bfc,IAC
fa6c866d,FUCK
8d6bb6fb,全球购
732f1290,神店
04282206,gtfx
9d2173bc,腾信宝;麻袋财富
ea26432a,米袋理财
7442d689,南方星链购;链购商城
0345e61f,蜜蜂花园
9a4cb7a5,德融财富;MMM互助金融
ed4b8733,FUCK
7df49aa2,FUCK
0af3aa34,鑫东投资;鑫东投资有限公司
6a3423d1,玖富;悟空理财
1d331347,博思财富网
843a42fd,微信跑分
f33d726b,诺德外汇;诺德
6d59e7c8,富民宝
1a5ed75e,FUCK
835786e4,FUCK
f450b672,FUCK
64efabe3,新客兑
13e89b75,FUCK
a6920cf9,托富链;TFC托富链
d1953c6f,FUCK
489c6dd5,FUCK
3f9b5d43,FUCK
a1ffc8e0,养鹿啦
d6f8f876,easymarkets
4ff1a9cc,FUCK
38f6995a,理想家园lx商城;LX商城
a84984cb,盛德投资
df4eb45d,HFNEX
bf893db8,和信贷
c88e0d2e,趣养鱼;全民养牛
51875c94,bmfn博美
26806c02,钱宝网;比特币
b8e4f9a1,合众e贷
cfe3c937,FUCK
56ea988d,FUCK
21eda81b,FUCK
b152b58a,展荣财富
c655851c,FUCK
94a46e7b,工资管家
e3a35eed,FUCK
7aaa0f57,FUCK
0dad3fc1,小溪省钱
93c9aa62,新橙优品
e4ce9af4,FUCK
7dc7cb4e,FUCK
0ac0fbd8,亿邦投资发展有限公司
9a7fe649,FUCK
ed78d6df,宜友之家;宜贷网
8dbf5f3a,FUCK
fab86fac,FUCK
63b13e16,纷米科技
14b60e80,FUCK
8ad29b23,FUCK
fdd5abb5,AxonomyToken;以太坊;Axonomy
64dcfa0f,创客;5050;华夏云商;瑞景之家
13dbca99,嘉实资本管理有限公司;嘉实资本
8364d708,FUCK
f463e79e,FUCK
c2fec9fd,全能影视
b5f9f96b,浙江盈米科技
2cf0a8d1,FUCK
5bf79847,公信宝
c5930de4,ag国际
b2943d72,东霖国际
2b9d6cc8,米奇生活
5c9a5c5e,峥嵘财富
cc2541cf,火萤棋牌
bb227159,FUCK
dbe5f8bc,FUCK
ace2c82a,FUCK
35eb9990,荔枝口袋
42eca906,养鹿啦;养鹿啦牧场
dc883ca5,FUCK
ab8f0c33,FUCK
32865d89,FUCK
45816d1f,鑫汇国际
d53e708e,FUCK
a2394018,猫之链
f0c8ab7f,FUCK
87cf9be9,FUCK
1ec6ca53,FUCK
69c1fac5,FUCK
f7a56f66,FUCK
80a25ff0,AGK理财
19ab0e4a,闪电鸡
6eac3edc,麻袋财富
fe13234d,FUCK
891413db,星星贷;利利金服
e9d39a3e,FUCK
9ed4aaa8,比特币
07ddfb12,FUCK
70dacb84,FUCK
eebe5e27,FUCK
99b96eb1,微粒贷
00b03f0b,expasset能投资吗投资;expasset;expasset万融国际;expasset公司;expasset金融
77b70f9d,vci豹驰国际
e708120c,鼎诚创投
900f229a,REC黄金树
6e4b86f1,FUCK
194cb667,FUCK
8045e7dd,钱嗨娱乐
f742d74b,FUCK
692642e8,FUCK
1e21727e,FUCK
872823c4,FUCK
f02f1352,FUCK
60900ec3,币安;mt4
17973e55,GoldenPacer;优信;PacificBridge资产管理公司;GoldenPacer股份
7750b7b0,青岛汇信;汇信;汇信云外贸;汇信外贸
00578726,FUCK
995ed69c,FUCK
ee59e60a,合众e贷;玖富;翼龙贷;麻袋财富;PPmoney
703d73a9,上海黄金交易所
073a433f,杨梅白卡
9e331285,存德投资
e9342213,FUCK
798b3f82,飞贷科技;飞贷
0e8c0f14,FUCK
a75066ce,以太坊;比特币;智能宝
d0575658,玖富;玖富钱包
495e07e2,FUCK
3e593774,FUCK
a03da2d7,隆鑫HT
d73a9241,FUCK
4e33c3fb,惠富天下
3934f36d,易生金服
a98beefc,FUCK
de8cde6a,币达财富;火币
be4b578f,小溪省钱
c94c6719,FUCK
504536a3,小兔救急
27420635,飞客在线
b9269396,FUCK
ce21a300,FUCK
5728f2ba,大牛花
202fc22c,FUCK
b090dfbd,前海开源
c797ef2b,FUCK
9566044c,网信集团
e26134da,华镇控股
7b686560,蓝莓花花分期;蓝莓花花贷款;蓝莓花花
0c6f55f6,淘富宝
920bc055,FUCK
e50cf0c3,gkfx
7c05a179,FUCK
0b0291ef,安徽联君
9bbd8c7e,FUCK
ecbabce8,牛多宝
8c7d350d,钱包侠
fb7a059b,FUCK
62735421,火币
157464b7,FUCK
8b10f114,杭州金盒子理财
fc17c182,众人帮
651e9038,同创期权
1219a0ae,FUCK
82a6bd3f,龙爱量子;云联惠;云数贸;云集品
f5a18da9,优信
c33ca3ca,FUCK
b43b935c,比特币
2d32c2e6,FUCK
5a35f270,福建冠海海运有限公司
c45167d3,FUCK
b3565745,上银中债;上银基金管理有限公司
2a5f06ff,诺德
5d583669,人人优选;聚财帮;中商亚信
cde72bf8,FUCK
bae01b6e,FUCK
da27928b,微云全球;微云全球
ad20a21d,微多猫
3429f3a7,米袋理财
432ec331,闻喜配资
dd4a5692,双创在线
aa4d6604,FUCK
334437be,FUCK
44430728,小米有品有鱼;小米商城
d4fc1ab9,FUCK
a3fb2a2f,现金借款
f10ac148,FUCK
860df1de,夸克币;比特币;氪石币;worldcoin
1f04a064,蚂蚁乐购商城
680390f2,流量魔盒;智汇魔方
f6670551,元素
816035c7,FUCK
1869647d,钱程无忧配资
6f6e54eb,FUCK
ffd1497a,FUCK
88d679ec,俞丰财富
e811f009,小狗钱钱
9f16c09f,优品
061f9125,腾信宝;麻袋财富;麻袋理财
7118a1b3,润通财富;券妈妈;钱吧金融
ef7c3410,FUCK
987b0486,惠富天下
0172553c,FUCK
767565aa,FUCK
e6ca783b,爱客金融
91cd48ad,ATFX
6f89ecc6,FUCK
188edc50,未来集市掌柜;未来集市
81878dea,FUCK
f680bd7c,ADC矿场;ADC
68e428df,FUCK
1fe31849,FUCK
86ea49f3,呆萌价app呆萌价;呆萌价
f1ed7965,FUCK
615264f4,FUCK
16555462,借亦有道
7692dd87,FUCK
0195ed11,vpay钱包;vpay;比特币;Vpay
989cbcab,夸克链信
ef9b8c3d,FUCK
71ff199e,FUCK
06f82908,玖富钱包;甲阳国际
9ff178b2,FUCK
e8f64824,小鸟发财
784955b5,淘乐惠
0f4e6523,FUCK
a516d897,火币;亦跑;趣步;未来集市;比特币;智慧晶
d211e801,FUCK
4b18b9bb,FUCK
3c1f892d,比特币
a27b1c8e,文语影投
d57c2c18,鼎信佳瑞财富;鼎信佳瑞投资管理公司
4c757da2,FUCK
3b724d34,FUCK
abcd50a5,米房借条
dcca6033,FUCK
bc0de9d6,Axonomy
cb0ad940,创客;5050;华夏云商;瑞景之家
520388fa,火币
2504b86c,FUCK
bb602dcf,福e宝
cc671d59,平安普惠
556e4ce3,浪小花
22697c75,未来集市
b2d661e4,FUCK
c5d15172,ffx
9720ba15,FUCK
e0278a83,FUCK
792edb39,养鸡大亨养鸡理财
0e29ebaf,FUCK
904d7e0c,FUCK
e74a4e9a,FUCK
7e431f20,加油宝
09442fb6,FUCK
99fb3227,火币
eefc02b1,FUCK
8e3b8b54,天鑫金融
f93cbbc2,桔子分期;象分期
6035ea78,FUCK
1732daee,金开贷金开贷;金开贷
89564f4d,远特喜牛
fe517fdb,恒信环球投资;恒信集团
67582e61,微多猫;番呗商城;悦药王生态庄园;中商联媒购
105f1ef7,蚂蚁淘金福;九霄商城;蚂蚁币
80e00366,魔幻庄园;葡萄庄园
f7e733f0,股易融;名扬策略
c17a1d93,汇联智投;汇联金融智投
b67d2d05,全球看点
2f747cbf,FUCK
58734c29,FUCK
c617d98a,华开金控
b110e91c,简七理财
2819b8a6,海汇;PTFX;PTFX普顿;PTFX普顿外汇
5f1e8830,广西展荣投资有限公司
cfa195a1,FUCK
b8a6a537,FUCK
d8612cd2,泛亚交易
af661c44,FUCK
366f4dfe,FUCK
41687d68,蚂蚁乐园
df0ce8cb,金猪下崽
a80bd85d,比特币;雷达币比摇钱树
310289e7,巴特币
4605b971,红楼财团
d6baa4e0,FUCK
a1bd9476,美缘影视
f34c7f11,FUCK
844b4f87,众融网络科技服务有限公司;广州欧博化妆品有限公司;优美易购
1d421e3d,FUCK
6a452eab,雷达钱包
f421bb08,FUCK
83268b9e,FUCK
1a2fda24,诺安期货;安信金控;海南大宗;VeGard;环信投资;逸富国际
6d28eab2,小猫来财
fd97f723,翼龙贷;PPmoney网贷;PPmoney
8a90c7b5,FUCK
ea574e50,FUCK
9d507ec6,以太坊;比特币
04592f7c,FUCK
735e1fea,云世纪;云购
ed3a8a49,众金服
9a3dbadf,荔枝山庄
0334eb65,网易星球
7433dbf3,FUCK
e48cc662,FUCK
938bf6f4,Hashbox
6dcf529f,FUCK
1ac86209,FUCK
83c133b3,FUCK
f4c60325,特惠赚
6aa29686,FUCK
1da5a610,大姐花;大姐花贷款
84acf7aa,FUCK
f3abc73c,昆仑国际;KVB昆仑国际
6314daad,FUCK
1413ea3b,FUCK
74d463de,FUCK
03d35348,比特币
9ada02f2,FUCK
eddd3264,FUCK
73b9a7c7,FUCK
04be9751,U聚宝
9db7c6eb,特惠赚
eab0f67d,FUCK
7a0febec,巴特币
0d08db7a,FUCK
a4d4b2a0,笛派斯
d3d38236,FUCK
4adad38c,琼华网
3ddde31a,火币
a3b976b9,FUCK
d4be462f,GoldenPacer;优信集团;PacificBridge资产管理公司;优信;GoldenPacer股份
4db71795,特惠赚
3ab02703,金吉利宝;存金钱包;夸客金融
aa0f3a92,全网乐购
dd080a04,爱善贷
bdcf83e1,艾尔链
cac8b377,FUCK
53c1e2cd,小米有品有鱼
24c6d25b,FUCK
baa247f8,金猪管家
cda5776e,FUCK
54ac26d4,FUCK
23ab1642,FUCK
b3140bd3,VaslonFX沃伦国际
c4133b45,gminer和bfgminer;bfgminer;比特币;HD钱包
96e2d022,FUCK
e1e5e0b4,FUCK
78ecb10e,创客;5050;华夏云商;瑞景之家
0feb8198,华军合创
918f143b,汇信;长亚集团
e68824ad,夸克链信
7f817517,香港盈富金汇
08864581,众盈外汇资管
98395810,MACFX麦汇
ef3e6886,莱汇币
8ff9e163,FUCK
f8fed1f5,迈步趣跑;趣步
61f7804f,股东德意志资产管理公司;嘉实基金;嘉实国际
16f0b0d9,OTM奥美外汇
8894257a,FUCK
ff9315ec,FUCK
669a4456,钱牛牛;普汇宝
119d74c0,维卡币;五行币;莱汇币;万福币;暗黑币;亚欧币;GCB光彩币
81226951,长征财富
f62559c7,以太坊
c0b877a4,FUCK
b7bf4732,狗狗币
2eb61688,海象理财
59b1261e,hotnews亿久商城;亿久商城
c7d5b3bd,牛拜单车
b0d2832b,爱乐在线
29dbd291,FUCK
5edce207,FUCK
ce63ff96,蓝晶社APP
b964cf00,FUCK
d9a346e5,expasset;expasset资产
aea47673,FUCK
37ad27c9,FUCK
40aa175f,xtrade
dece82fc,FUCK
a9c9b26a,莱信
30c0e3d0,FUCK
47c7d346,大姐花
d778ced7,优梵暴富联盟
a07ffe41,西鑫聚恒商贸有限公司
f28e1526,FUCK
858925b0,FUCK
1c80740a,FUCK
6b87449c,BFS牛汇财富
f5e3d13f,网信集团
82e4e1a9,创世银库
1bedb013,FUCK
6cea8085,FUCK
fc559d14,FUCK
8b52ad82,以太坊;暗黑币;BNB;火币网
eb952467,FUCK
9c9214f1,人人优选
059b454b,FUCK
729c75dd,FUCK
ecf8e07e,FUCK
9bffd0e8,多米金融
02f68152,FAC时尚币;FAC时尚链
75f1b1c4,FUCK
e54eac55,FUCK
92499cc3,悟空钱包
6c0d38a8,FUCK
1b0a083e,FUCK
82035984,Filecoin;比特币
f5046912,FUCK
6b60fcb1,万能宝
1c67cc27,中金摩根;星展银行
856e9d9d,人人聚财;蜂融网
f269ad0b,币赢网;快链星球
62d6b09a,车享链
15d1800c,svsfx
751609e9,FUCK
0211397f,FUCK
9b1868c5,盼哒科技
ec1f5853,欧米茄集团;欧米加集团
727bcdf0,FUCK
057cfd66,FUCK
9c75acdc,FUCK
eb729c4a,酒链世界
7bcd81db,PTFX;PTFX普顿外汇
0ccab14d,吆鸡理财;易钱汇
a19ba425,FUCK
d69c94b3,小金袋
4f95c509,HFNEX
3892f59f,FUCK
a6f6603c,FUCK
d1f150aa,诺德基金;诺德
48f80110,FUCK
3fff3186,FUCK
af402c17,ACY稀万
d8471c81,FUCK
b8809564,比特币
cf87a5f2,FUCK
568ef448,众生策略;众生策略金融
2189c4de,FUCK
bfed517d,泰润生物科技;泰润生物科技有限公司;广西泰润生物科技有限公司
c8ea61eb,FUCK
51e33051,FUCK
26e400c7,FUCK
b65b1d56,FUCK
c15c2dc0,FUCK
93adc6a7,FUCK
e4aaf631,gc金融集团
7da3a78b,FUCK
0aa4971d,比特币
94c002be,链信基金;链信国际
e3c73228,FUCK
7ace6392,FUCK
0dc95304,爱钱进;蜂融网;陆金所
9d764e95,FUCK
ea717e03,FUCK
8ab6f7e6,火币
fdb1c770,礼赞商城
64b896ca,米袋理财
13bfa65c,森林宝
8ddb33ff,FUCK
fadc0369,FUCK
63d552d3,葡萄助手
14d26245,抹茶交易所
846d7fd4,钱宝网;比特币
f36a4f42,FUCK
c5f76121,昆明栋平智能投资平台
b2f051b7,FUCK
2bf9000d,贺邦借贷
5cfe309b,FUCK
c29aa538,FUCK
b59d95ae,FUCK
2c94c414,FUCK
5b93f482,帮客金融;睿信贷
cb2ce913,FUCK
bc2bd985,U聚宝
dcec5060,FUCK
abeb60f6,FUCK
32e2314c,FUCK
45e501da,FUCK
db819479,FUCK
ac86a4ef,亿久商城
358ff555,FUCK
4288c5c3,FUCK
d237d852,蜜蜂花园
a530e8c4,FUCK
f7c103a3,FUCK
80c63335,FUCK
19cf628f,FUCK
6ec85219,钱包侠
f0acc7ba,融信资本
87abf72c,以太森林;YTC
1ea2a696,FUCK
69a59600,FUCK
f91a8b91,FUCK
8e1dbb07,FUCK
eeda32e2,FUCK
99dd0274,维客特
00d453ce,特惠赚
77d36358,亦跑
e9b7f6fb,FUCK
9eb0c66d,睿新策略
07b997d7,娃哈哈VKmall
70bea741,中能国际
e001bad0,达世币
97068a46,FUCK
69422e2d,盖网;三石汇鑫投资管理有限公司;华军合创
1e451ebb,泰禾人寿保险有限公司
874c4f01,FUCK
f04b7f97,FUCK
6e2fea34,焕呗易货;焕呗
1928daa2,先汇国际
80218b18,日日赚
f726bb8e,FUCK
6799a61f,借易通贷;借易通
109e9689,银小花
70591f6c,rexmarkfx;宏源国际
075e2ffa,比特币
9e577e40,FUCK
e9504ed6,小鸟发财
7734db75,中金亿信
0033ebe3,弘高融资租赁有限公司
993aba59,清宴宝
ee3d8acf,FUCK
7e82975e,比特币
0985a7c8,FUCK
a059ce12,皇玛金融
d75efe84,FUCK
4e57af3e,上海福袋汇
39509fa8,和茶商城
a7340a0b,北京丽泽金融
d0333a9d,FUCK
493a6b27,嘉脉网络科技有限公司
3e3d5bb1,FUCK
ae824620,诺德外汇;诺德
d98576b6,云尊链;Fcoin;云尊链WINBIT
b942ff53,创昇国际;艾斯国际
ce45cfc5,水象金融信息服务有限公司;水象分期;象分期
574c9e7f,众生策略
204baee9,链城亿购
be2f3b4a,FUCK
c9280bdc,简啦啦
50215a66,小米众筹
27266af0,西安金控
b7997761,英国svsfx
c09e47f7,钱包侠;永利宝
926fac90,FUCK
e5689c06,FUCK
7c61cdbc,中盈财富
0b66fd2a,丰盛金融
95026889,FUCK
e205581f,以太坊
7b0c09a5,GEC
0c0b3933,FUCK
9cb424a2,FUCK
ebb31434,FUCK
8b749dd1,PON;GPON;PON&GPON
fc73ad47,比特币
657afcfd,飞迟财富
127dcc6b,以太坊;比特币
8c1959c8,速想购
fb1e695e,FUCK
621738e4,火币;钛克牛场
15100872,ItraderFX
85af15e3,vkmall
f2a82575,FUCK
c4350b16,FUCK
b3323b80,FUCK
2a3b6a3a,FUCK
5d3c5aac,Alicoin交易所;比特币;盖娅商城
c358cf0f,FUCK
b45fff99,以太坊;比特币
2d56ae23,GBL;普银币普银币;普银币;大唐币;比特币;Superstarmedia创投有限公司;暗黑币
5a519eb5,trfx
caee8324,盈联影视
bde9b3b2,周转信箱
dd2e3a57,拍拍贷;紫米宝贝;中融民信;光汇云油
aa290ac1,FUCK
33205b7b,PTFX;PTFX普顿;PTFX普顿外汇
44276bed,百惠优美
da43fe4e,谱盛科技
ad44ced8,ALB拆分盘
344d9f62,FUCK
434aaff4,大姐花;大姐花贷款
d3f5b265,有米金融;淘钱宝
a4f282f3,钱嗨娱乐
f6036994,南京禧德文化传播有限公司;江苏银德投资;银德基金;江苏银德投资管理有限公司;环球财富
81045902,光汇云油;众储财富;i财富;汇油宝
180d08b8,高佣联盟
6f0a382e,FUCK
f16ead8d,FUCK
86699d1b,成都市瑞志企业管理咨询有限公司
1f60cca1,拍拍贷;蜂融网;点融网
6867fc37,嘉实基金
f8d8e1a6,FUCK
8fdfd130,FUCK
ef1858d5,FUCK
981f6843,英皇宝微交易
011639f9,FUCK
7611096f,FUCK
e8759ccc,FUCK
9f72ac5a,亿宝;拉拉财富;弘毅创融投资有限公司
067bfde0,expasset
717ccd76,FUCK
e1c3d0e7,FUCK
96c4e071,钱香金融;大智慧
6880441a,大额标;红岭创投;陆金所
1f87748c,FUCK
868e2536,香港富赢通凯福资本
f18915a0,狗狗币
6fed8003,乾联国际
18eab095,快鸟金服
81e3e12f,FUCK
f6e4d1b9,grmfx外汇平台
665bcc28,FUCK
115cfcbe,FUCK
719b755b,FUCK
069c45cd,FUCK
9f951477,FUCK
e89224e1,VaslonFX沃伦国际
76f6b142,融牛之家;红岭创投;融牛在线;拍拍贷
01f181d4,鑫东投资
98f8d06e,海航聚宝汇
efffe0f8,逸富国际期货;逸富国际
7f40fd69,FUCK
0847cdff,FUCK
a21f704b,凤推传媒
d51840dd,以太坊;PlusToken
4c111167,富宏国际
3b1621f1,FUCK
a572b452,FUCK
d27584c4,菲特尔国际
4b7cd57e,汇芒果元宝;芒果元宝
3c7be5e8,美逛
acc4f879,比特币;IPFS主网
dbc3c8ef,FUCK
bb04410a,FUCK
cc03719c,FUCK
550a2026,FUCK
220d10b0,娃哈哈VKmall
bc698513,币果理财
cb6eb585,FUCK
5267e43f,献金袋鼠
2560d4a9,阳光家族
b5dfc938,FUCK
c2d8f9ae,FUCK
902912c9,FUCK
e72e225f,以太坊;比特币
7e2773e5,FUCK
09204373,cfx圆汇外汇;比特猪
9744d6d0,玖富;小赢理财;合众e贷;小黑鱼;盈盈理财;麻袋理财
e043e646,猎金全民影视
794ab7fc,FUCK
0e4d876a,FUCK
9ef29afb,广州天河区大象健康科技有限公司;健康猫
e9f5aa6d,Filecoin
89322388,心语通讯;河南鑫语电子科技有限公司
fe35131e,弘华佛学院;比特币;弘华佛学院弘华佛学院
673c42a4,南昌市民融登中心
103b7232,南昌市民融登中心;润通现货
8e5fe791,FUCK
f958d707,吉丰财富;吉丰金服
605186bd,云富反波胆
1756b62b,英皇集团
87e9abba,华宝基金
f0ee9b2c,Libra
c673b54f,FUCK
b17485d9,FUCK
287dd463,高佣联盟;众人帮
5f7ae4f5,趣码
c11e7156,FUCK
b61941c0,乐易贷;深圳市汇龙贷
2f10107a,FUCK
581720ec,狗狗币;华登区块狗
c8a83d7d,华登区块狗
bfaf0deb,FUCK
df68840e,正宇控股集团
a86fb498,智慧晶;正宇控股集团
3166e522,股亿讯
4661d5b4,承返云支付;承返
d8054017,币额宝;百倍币;十倍币;加油承返云支付;比特币
af027081,牛多宝
360b213b,顺天影视
410c11ad,FUCK
d1b30c3c,香港富赢通
a6b43caa,火币;PTFX;火币HT;波场超级社区;SOxex;比特币;香港富赢通
f445d7cd,FUCK
8342e75b,智荣教育集团
1a4bb6e1,西瓜生活
6d4c8677,FUCK
f32813d4,世舟之家
842f2342,世舟之家
1d2672f8,FUCK
6a21426e,FUCK
fa9e5fff,FUCK
8d996f69,小工匠
ed5ee68c,比特币
9a59d61a,大姐花;永利宝
035087a0,FUCK
7457b736,鸽派商城;usg联准国际
ea332295,创客
9d341203,创客;以太坊;比特币
043d43b9,以太坊;比特币
733a732f,FUCK
e3856ebe,维卡币onecoin
94825e28,盈首ai炒股机器人
6ac6fa43,时空周转;盈首ai炒股机器人
1dc1cad5,时空周转
84c89b6f,潘多拉宝盒;嘉实资本
f3cfabf9,特惠赚
6dab3e5a,双子高登;华登区块狗
1aac0ecc,科创板;双子高登
83a55f76,FUCK
f4a26fe0,比特币
641d7271,GEC
131a42e7,FUCK
73ddcb02,嘉盛集团股份有限公司;以太坊;Axonomy
04dafb94,科呗币;Axonomy;科呗数字资产;科呗链
9dd3aa2e,QC商城
ead49ab8,启盈通
74b00f1b,全网乐购
03b73f8d,小诸葛金服;链车金服;亿企聚财小诸葛金服
9abe6e37,玖富;百益策略
edb95ea1,玖富
7d064330,鼎诚创投
0a0173a6,鼎诚创投
a3dd1a7c,FUCK
d4da2aea,FUCK
4dd37b50,FUCK
3ad44bc6,富宏国际
a4b0de65,富宏国际
d3b7eef3,趣码
4abebf49,趣码
3db98fdf,FUCK
ad06924e,FUCK
da01a2d8,FUCK
bac62b3d,乐享宝;红岭创投;PPmoney
cdc11bab,乐享宝;创赢财富
54c84a11,FUCK
23cf7a87,FAC时尚币
bdabef24,悦天使
caacdfb2,FUCK
53a58e08,鑫银宝鑫银宝;汇银资本管理有限公司;长城国兴金融租赁有限公司
24a2be9e,文语影视;文语影投
b41da30f,玖富钱包;甲阳国际
c31a9399,FUCK
91eb78fe,华克金子链榴莲币;MBI
e6ec4868,FUCK
7fe519d2,FUCK
08e22944,北大公学教育集团;教育集团
9686bce7,FUCK
e1818c71,众人帮
7888ddcb,ACY稀万;FXTM富拓和HFGFX;easyMarkets
0f8fed5d,FUCK
9f30f0cc,佰仟金融;金管家;虹奥财富;虹金所
e837c05a,小米币
88f049bf,小米币
fff77929,吉悠
66fe2893,皇玛金融
11f91805,FUCK
8f9d8da6,鹏润金服;ffx;美易理财
f89abd30,FUCK
6193ec8a,FUCK
1694dc1c,QQ钱包;招钱进宝
862bc18d,FUCK
f12cf11b,rexmarkfx;Lisinex
c7b1df78,中联亿配
b0b6efee,衫客智汇
29bfbe54,FUCK
5eb88ec2,葡萄浏览器;素店
c0dc1b61,葡萄浏览器
b7db2bf7,TOSKY天汇金融;天汇金融;PTFX普顿外汇
2ed27a4d,淘金网;反波胆淘金网;淘金反波胆;反波胆
59d54adb,淘金反波胆;弘山财富
c96a574a,商机头条
be6d67dc,FUCK
deaaee39,智圣金服;智圣大健康投资有限公司
a9addeaf,FUCK
30a48f15,辰麟宝
47a3bf83,以太坊;Filecoin;辰麟宝
d9c72a20,ETF;飞客在线
aec01ab6,FUCK
37c94b0c,百盛国际
40ce7b9a,悦天使
d071660b,悦天使
a776569d,FUCK
f587bdfa,趣问;云钱包;eafx
82808d6c,FUCK
1b89dcd6,QQ钱包;米房借条
6c8eec40,同君财富
f2ea79e3,奇弘集团
85ed4975,昆明栋平智能投资平台
1ce418cf,网易云信
6be32859,定期宝
fb5c35c8,挂挂赚;财神爷
8c5b055e,大通资讯
ec9c8cbb,FUCK
9b9bbc2d,文语影投;AGK理财
0292ed97,文语影投
7595dd01,火币;波场超级社区
ebf148a2,贺邦借贷
9cf67834,普信金服;普信资产普信资产管理有限公司
05ff298e,FUCK
72f81918,FUCK
e2470489,创客
9540341f,创客
6b049074,FUCK
1c03a0e2,cqs外汇
850af158,FUCK
f20dc1ce,中信华睿
6c69546d,中信华睿
1b6e64fb,芒果口袋
82673541,芒果口袋
f56005d7,币安
65df1846,FUCK
12d828d0,福建畅丰机械集团有限公司
721fa135,中瑞财讯
051891a3,南洋国际
9c11c019,FUCK
eb16f08f,加油宝
7572652c,加油宝
027555ba,FUCK
9b7c0400,圣威国际外汇
ec7b3496,expasset
7cc42907,微小宠;环球财富
0bc31991,万氏国际
a8815d41,云端金融
df866dd7,FUCK
468f3c6d,FUCK
31880cfb,比特币
afec9958,FUCK
d8eba9ce,虹金所;虹奥财富
41e2f874,虹奥财富;CTTTODAMOON;百倍币;以太坊;达世币;Citex
36e5c8e2,FUCK
a65ad573,创客
d15de5e5,创客
b19a6c00,玖富;玖富钱包;悟空理财;高胜投资
c69d5c96,中数信安;数字文化广场
5f940d2c,万多福投资管理公司
28933dba,FUCK
b6f7a819,bit
c1f0988f,盈联影视;广州天河某城
58f9c935,钱嗨娱乐
2ffef9a3,FUCK
bf41e432,DASH达世币;以太坊;奇迹;比特币;达世币;Algorand
c846d4a4,泰润生物科技;泰润生物科技有限公司;广西泰润生物科技有限公司
9ab73fc3,FUCK
edb00f55,英皇宝
74b95eef,艾特网;英皇宝
03be6e79,宿爱
9ddafbda,宿爱
eaddcb4c,车小喜
73d49af6,Asiabrand
04d3aa60,FUCK
946cb7f1,风雨无忧
e36b8767,风雨无忧
83ac0e82,FUCK
f4ab3e14,FUCK
6da26fae,FUCK
1aa55f38,FUCK
84c1ca9b,微多猫;众人帮
f3c6fa0d,天裕泓盛;天裕泓盛A股融资融券
6acfabb7,FUCK
1dc89b21,FUCK
8d7786b0,慧融财富;老虎外汇;小诸葛金服;和信贷
fa70b626,FUCK
cced9845,FUCK
bbeaa8d3,峥嵘财富
22e3f969,FUCK
55e4c9ff,东证期货有限公司
cb805c5c,龙网
bc876cca,爱福袋;上海福袋汇
258e3d70,上海福袋汇
52890de6,FUCK
c2361077,火萤棋牌
b53120e1,FUCK
d5f6a904,mt4
a2f19992,牛牛通宝
3bf8c828,FUCK
4cfff8be,FUCK
d29b6d1d,邦君悠购
a59c5d8b,玖富;凡普金科金融;广富宝;凡普金科;广富宝金服;爱钱进;悟空理财
3c950c31,FUCK
4b923ca7,和信贷
db2d2136,FUCK
ac2a11a0,FUCK
fedbfac7,FUCK
89dcca51,歌斐资产管理公司;诺亚财富;歌斐资产
10d59beb,和信贷
67d2ab7d,易钱汇;中智魔方;华银金融
f9b63ede,比特币
8eb10e48,比特币
17b85ff2,亿海智投
60bf6f64,FUCK
f00072f5,FUCK
87074263,FUCK
e7c0cb86,环球购商城;以太坊
90c7fb10,君迪影视;辰威影视;京都影视;顺天影视;玉卓影视
09ceaaaa,尧锦智富
7ec99a3c,FUCK
e0ad0f9f,创客
97aa3f09,创客
0ea36eb3,FUCK
79a45e25,FUCK
e91b43b4,FUCK
9e1c7322,趣步
6058d749,华夏云商
175fe7df,华夏云商
8e56b665,FUCK
f95186f3,FUCK
67351350,比特币
103223c6,FUCK
893b727c,上海蔚盈投资管理有限公司;人人爱家金融;九药网;领投鸟
fe3c42ea,FUCK
6e835f7b,FUCK
19846fed,爱汇宝
7943e608,gogofx
0e44d69e,FUCK
974d8724,FUCK
e04ab7b2,FUCK
7e2e2211,FUCK
09291287,创盈金服
9020433d,FUCK
e72773ab,FUCK
77986e3a,英皇金融国际;英皇宝;英皇宝英皇宝
009f5eac,英皇金融国际;辰麟宝
a9433776,辰麟宝
de4407e0,FUCK
474d565a,西部助贷
304a66cc,西部助贷
ae2ef36f,FUCK
d929c3f9,FUCK
40209243,通金所
3727a2d5,天河城投
a798bf44,借易通;天河城投
d09f8fd2,FUCK
b0580637,FUCK
c75f36a1,FUCK
5e56671b,向前金服;捷越联合
2951578d,FUCK
b735c22e,HFGFX
c032f2b8,FUCK
593ba302,hytfx;深圳晋汇基金;国泰君安;中信集团
2e3c9394,FUCK
be838e05,FUCK
c984be93,盈盈理财;盈盈金科;小黑鱼;舵途牛旅游网;惠优贷
9b7555f4,微贷网
ec726562,FUCK
757b34d8,顺天影视
027c044e,FUCK
9c1891ed,FUCK
eb1fa17b,中能国际
7216f0c1,中能国际
0511c057,米多多;金兔宝;金机宝
95aeddc6,FUCK
e2a9ed50,FUCK
826e64b5,智慧晶
f5695423,FUCK
6c600599,金柚子
1b67350f,FUCK
8503a0ac,火萤棋牌
f204903a,沪深理财;首投理财
6b0dc180,FUCK
1c0af116,FUCK
8cb5ec87,FUCK
fbb2dc11,汇管家
cd2ff272,商机头条
ba28c2e4,FUCK
2321935e,以太森林;YTC
5426a3c8,以太森林
ca42366b,afmfx外汇
bd4506fd,afmfx外汇公司;1安利微购
244c5747,华泰证券;拍拍贷
534b67d1,上有财金
c3f47a40,龙鼎在线
b4f34ad6,龙鼎在线
d434c333,FUCK
a333f3a5,钱嗨娱乐
3a3aa21f,FUCK
4d3d9289,Bloomberg亦;天鑫金融
d359072a,镁客堂
a45e37bc,镁客堂
3d576606,杭州优杨投资管理有限公司;佑米金融
4a505690,FUCK
daef4b01,托富链;Highwin凯源外汇外汇;爱润妍
ade87b97,抹茶交易所;全球矿工;Filecoin;比特币
ff1990f0,微云全球;IRC微云全球;微云全球
881ea066,喜团;微云全球
1117f1dc,喜团
6610c14a,比特币
f87454e9,FUCK
8f73647f,趣店
167a35c5,瑞郎币FRCoin
617d0553,FUCK
f1c218c2,FUCK
86c52854,借钱周转
e602a1b1,西瓜生活;闪电鸡
91059127,璀璨控股
080cc09d,FUCK
7f0bf00b,广东隆富有限公司;资邦财富;人人公益网;爱尚养猪;亚欧币;唐小僧母公司资邦金服;雅堂金融;唐小僧
e16f65a8,FUCK
9668553e,FUCK
0f610484,FUCK
78663412,大田环球贵金属交易平台;大田环球
e8d92983,中金亿信
9fde1915,中金亿信;冠联投资家园
619abd7e,FUCK
169d8de8,维客特
8f94dc52,FUCK
f893ecc4,福建冠海海运有限公司
66f77967,FUCK
11f049f1,FUCK
88f9184b,金贝贝
fffe28dd,趣步;华悦财富
6f41354c,FUCK
184605da,金殿环球金融投资集团;安徽大时代投资咨询有限公司;弘盛鼎世网络科技有限公司
78818c3f,FUCK
0f86bca9,火趣小视频
968fed13,火趣小视频
e188dd85,FUCK
7fec4826,人人聚财;和信贷
08eb78b0,FUCK
91e2290a,FUCK
e6e5199c,链塔科技;链塔
765a040d,国鑫汇;鑫汇国际
015d349b,星星贷;微花贷;全民普惠;红岭创投;华安策略
1e2e6b9c,惠富天下
69295b0a,FUCK
f0200ab0,FUCK
87273a26,泓石投资管理有限公司;泓石投资;泓石金服
1943af85,瓜分宝
6e449f13,FUCK
f74dcea9,网易星球;GEC
804afe3f,FUCK
10f5e3ae,斐讯;九药网
67f2d338,万汇金宝
07355add,万汇金宝
70326a4b,FUCK
e93b3bf1,FUCK
9e3c0b67,FUCK
00589ec4,瑞波;瑞波银行Ripple瑞波币;瑞波币;瑞波plus
775fae52,趣店
ee56ffe8,FUCK
9951cf7e,FUCK
09eed2ef,FUCK
7ee9e279,FUCK
2c18091e,巨石财富;巨石财富GGtrade
5b1f3988,PTFX;巨石财富;ptfx
c2166832,安亿金融
b51158a4,FUCK
2b75cd07,奉恩之家平台;奉恩之家
5c72fd91,比特币;奉恩之家
c57bac2b,尊享庄园
b27c9cbd,荔枝山庄
22c3812c,FUCK
55c4b1ba,FUCK
3503385f,创世银库
420408c9,BossToken;创世银库
db0d5973,BossToken
ac0a69e5,FUCK
326efc46,鸽派商城
4569ccd0,喜团
dc609d6a,加油宝;喜团
ab67adfc,鹏润金服;美易理财
3bd8b06d,FUCK
4cdf80fb,万能宝
7a42ae98,万能宝
0d459e0e,存德投资;英皇宝
944ccfb4,FUCK
e34bff22,荔枝口袋;永利宝
7d2f6a81,PPmoney网贷;PPmoney;荔枝口袋
0a285a17,FUCK
93210bad,善贷网;合众e贷;和信贷
e4263b3b,FUCK
749926aa,Lisinex;oranflag
039e163c,FUCK
63599fd9,悟空单车;优库速购
145eaf4f,福建冠海海运有限公司
8d57fef5,FUCK
fa50ce63,红豆卡
64345bc0,鑫果交易;红豆卡
13336b56,鑫果交易;谋成创汇投资管理有限公司;谋成创汇
8a3a3aec,FUCK
fd3d0a7a,环球国际
6d8217eb,FUCK
1a85277d,FUCK
4874cc1a,FUCK
3f73fc8c,翼龙贷;钱来也;外汇宝;黄金宝
a67aad36,海银金控;HT;HoldingTourisme
d17d9da0,秒钱
4f190803,秒钱
381e3895,FUCK
a117692f,九鼎集团控股投资;九鼎集团
d61059b9,比特币
46af4428,融信资本;领奇财富
31a874be,比特币
516ffd5b,甩甩宝宝掌柜;甩甩宝宝
2668cdcd,富管家;天安金交中心;米缸金融;天安金交中心富管家
bf619c77,FUCK
c866ace1,全球购
56023942,鑫果交易;金富国际金融
210509d4,鑫果交易
b80c586e,FUCK
cf0b68f8,PON
5fb47569,PON
28b345ff,FUCK
d6f7e194,玖富钱包;甲阳国际
a1f0d102,金源财富
38f980b8,金元卡
4ffeb02e,FUCK
d19a258d,黑蚂蚁管家
a69d151b,天宸投资
3f9444a1,远特喜牛
48937437,FUCK
d82c69a6,FUCK
af2b5930,FUCK
cfecd0d5,小米众筹
b8ebe043,FUCK
21e2b1f9,FUCK
56e5816f,EBC教育区块链;EBCC教育区块链
c88114cc,云联惠
bf86245a,Libertex;比特币
268f75e0,ForexClub福瑞斯国际金融集团
51884576,FUCK
c13758e7,高德顺风车
b6306871,MBI;SKY云世纪
1fec01ab,软银支付
68eb313d,FUCK
f1e26087,FAC时尚链
86e55011,FUCK
1881c5b2,比特币
6f86f524,蓝晶社APP
f68fa49e,华盛资本;蓝晶社APP
81889408,FUCK
11378999,FUCK
6630b90f,酷盈网;中科金服;汇信天下
06f730ea,富宏国际;速达国际;华银金融
71f0007c,FUCK
e8f951c6,FUCK
9ffe6150,天汇金融;恒天国际
019af4f3,币易;比特币
769dc465,FUCK
ef9495df,FUCK
9893a549,FUCK
082cb8d8,FUCK
7f2b884e,FUCK
2dda6329,FUCK
5add53bf,远特喜牛
c3d40205,POFX
b4d33293,全球看点
2ab7a730,广州开发区金融控股集团有限公司
5db097a6,任务帮帮呗;科呗币;以太坊
c4b9c61c,盈联影视;任务帮;广州天河某城
b3bef68a,FUCK
2301eb1b,FUCK
5406db8d,FUCK
34c15268,FUCK
43c662fe,同创期权;成都市瑞志企业管理咨询有限公司
dacf3344,广州尚洁科技有限公司
adc803d2,嗨团
33ac9671,润通现货润通现货
44aba6e7,南昌市民融登中心
dda2f75d,琼华网
aaa5c7cb,琼华网
3a1ada5a,牛牛金服;合众e贷
4d1deacc,牛牛金服
7b80c4af,FUCK
0c87f439,小米有品有鱼;乐购商城
958ea583,中德海投资管理有限公司
e2899515,高佣联盟;乐酿宝;酒链世界
7ced00b6,FUCK
0bea3020,FUCK
92e3619a,多拉币
e5e4510c,衫客智汇
755b4c9d,中能国际
025c7c0b,FUCK
629bf5ee,芒果口袋
159cc578,理想家园lx商城;芒果口袋
8c9594c2,FUCK
fb92a454,FUCK
65f631f7,闪电鸡;谷品优选
12f10161,afxgc外汇
8bf850db,FUCK
fcff604d,币安
6c407ddc,景林资本
1b474d4a,FUCK
49b6a62d,gtfx
3eb196bb,优信
a7b8c701,玖富;融牛之家;融牛在线
d0bff797,FUCK
4edb6234,聚汇天下
39dc52a2,FUCK
a0d50318,魔幻宝
d7d2338e,51策略赢
476d2e1f,金字火腿;中钰资本
306a1e89,以太坊
50ad976c,牧宝理财
27aaa7fa,币果理财
bea3f640,FUCK
c9a4c6d6,亦跑
57c05375,亿高金业;万銮国际
20c763e3,FUCK
b9ce3259,FUCK
cec902cf,鲁多多
5e761f5e,天裕泓盛;布尔金融;艾斯国际;海贝国际;中恒策略;宏源国际
29712fc8,VV农场
d7358ba3,火币;Plustoken;plustoken;民佑资本
a032bb35,金谷影视;民佑资本
393bea8f,向前金服;捷越联合;向上金服;捷越联合信息咨询有限公司
4e3cda19,向上金服
d0584fba,FUCK
a75f7f2c,FUCK
3e562e96,FUCK
49511e00,FUCK
d9ee0391,FUCK
aee93307,现金借款
ce2ebae2,Wpay;wpay钱包;Wpay钱包
b9298a74,FUCK
2020dbce,广西金融;益汇环球
5727eb58,FUCK
c9437efb,全民外贸;芒果金融;优拜单车
be444e6d,全民外贸
274d1fd7,FUCK
504a2f41,FUCK
c0f532d0,红楼财团
b7f20246,红楼财团
1daabff2,FUCK
6aad8f64,闪电鸡
f3a4dede,FUCK
84a3ee48,金猫在线
1ac77beb,FUCK
6dc04b7d,FUCK
f4c91ac7,润通现货润通现货;蚂蚁财富
83ce2a51,挂挂赚
137137c0,比特币
64760756,比特币
04b18eb3,FUCK
73b6be25,FUCK
eabfef9f,FUCK
9db8df09,亿米商城
03dc4aaa,FUCK
74db7a3c,FUCK
edd22b86,5050;华夏云商;瑞景之家
9ad51b10,5050;华夏云商;龙虾发财;瑞景之家
0a6a0681,FUCK
7d6d3617,WISTONFX
2f9cdd70,金峯策略
589bede6,FUCK
c192bc5c,普信金服;普信资产普信资产管理有限公司
b6958cca,FUCK
28f11969,FUCK
5ff629ff,创客
c6ff7845,创客;高胜投资
b1f848d3,远特时空喜牛
21475542,FUCK
564065d4,FUCK
3687ec31,善贷网
4180dca7,懒财网;多米金融;亿宝;拍拍贷;玉象金融;旺财猫
d8898d1d,托富链;托富链TFC
af8ebd8b,荣耀配资荣耀配资
31ea2828,京信链
46ed18be,FUCK
dfe44904,嗨团
a8e37992,比特币;Bakkt
385c6403,GBC;HT
4f5b5495,FUCK
79c67af6,FUCK
0ec14a60,FUCK
97c81bda,FUCK
e0cf2b4c,FUCK
7eabbeef,邦银金融租赁有限公司;有脉金控
09ac8e79,FUCK
90a5dfc3,微信跑分
e7a2ef55,IB外汇
771df2c4,FUCK
001ac252,FUCK
60dd4bb7,FUCK
17da7b21,霸屏天下;乐发传媒
8ed32a9b,牛钱网;新湖期货有限公司
f9d41a0d,FUCK
67b08fae,微多猫
10b7bf38,海汇;PTFX;PTFX普顿;PTFX普顿外汇
89beee82,中潮金服;壹键哥;金管家;盖网;荣耀金生环球影视
feb9de14,以太坊;抹茶交易所;贝尔链;plustoken
6e06c385,FUCK
1901f313,abcc交易所
4bf01874,FUCK
3cf728e2,云尊及winbitex;云尊集团;领winbitex;winbitex
a5fe7958,FUCK
d2f949ce,实德环球金业;创盈金服
4c9ddc6d,FUCK
3b9aecfb,商机头条
a293bd41,钱程无忧配资;商机头条
d5948dd7,FUCK
452b9046,iotoken
322ca0d0,FUCK
52eb2935,融贝网
25ec19a3,小米币
bce54819,北大青鸟金融;FXBJB北大青鸟金融
cbe2788f,百倍币
5586ed2c,FUCK
2281ddba,FUCK
bb888c00,FUCK
cc8fbc96,FUCK
5c30a107,FUCK
2b379191,以太坊;CNHKC
d57335fa,FUCK
a274056c,以太坊;小米众筹;CNHKC
3b7d54d6,玖富钱包;小米众筹;甲阳国际
4c7a6440,诺德基金;诺德
d21ef1e3,诺德基金;公募基金管理公司
a519c175,FUCK
3c1090cf,东霖国际
4b17a059,FUCK
dba8bdc8,智选天下
acaf8d5e,FUCK
cc6804bb,速想购
bb6f342d,速想购
22666597,FUCK
55615501,FUCK
cb05c0a2,睿新策略
bc02f034,FUCK
250ba18e,FUCK
520c9118,FUCK
c2b38c89,广州天河区大象健康科技有限公司;健康猫
b5b4bc1f,FUCK
1c68d5c5,小米有品有鱼
6b6fe553,火币;小米有品有鱼
f266b4e9,火币;比特币
8561847f,PPmoney网贷
1b0511dc,中恒策略
6c02214a,火币;以太坊;LITEX商城;LITEX
f50b70f0,深圳源中瑞科技;比特币
820c4066,唐卡理财
12b35df7,FUCK
65b46d61,FUCK
0573e484,瑞波币;比特币;链得得
7274d412,汇新智配资
eb7d85a8,汇新智配资
9c7ab53e,番呗基金;番呗商城
021e209d,FUCK
7519100b,afmfx
ec1041b1,玖富叮当贷
9b177127,FUCK
0ba86cb6,FUCK
7caf5c20,FUCK
2e5eb747,FUCK
595987d1,湖南坤海新能源投资管理有限公司
c050d66b,融易帮帮
b757e6fd,杨方配资
2933735e,全球看点
5e3443c8,荣耀配资
c73d1272,金吉利宝
b03a22e4,FUCK
20853f75,vpaycoin;vpay;比特币;Vpay
57820fe3,安惠生物科技有限公司;Vpay
37458606,FUCK
4042b690,e抵快贷;元界
d94be72a,FUCK
ae4cd7bc,小龟软件
3028421f,籍智创科技股份国际
472f7289,阿卡迪亚基金;AFMFX公司;AFMFX
de262333,比特币;IB
a92113a5,易通贷;钱保姆
399e0e34,拍拍贷;黄金原油
4e993ea2,FUCK
780410c1,青海中德海投资管理有限公司
0f032057,FUCK
960a71ed,FXOpen
e10d417b,FXOpen;和茶商城
7f69d4d8,Fcoin;FMEX
086ee44e,亦跑;趣步;艾特链
9167b5f4,微小宠
e6608562,FUCK
76df98f3,FUCK
01d8a865,秦川策略
611f2180,米奇生活
16181116,银盛集团;银盛金融
8f1140ac,乐洁时代;银盛集团
f816703a,羊毛学堂
6672e599,平安普惠;羊毛学堂
1175d50f,平安普惠
887c84b5,钱嗨娱乐
ff7bb423,FUCK
6fc4a9b2,奇牛国际
18c39924,和信贷
4a327243,呆萌价
3d3542d5,FUCK
a43c136f,FUCK
d33b23f9,北京红杉壹本投资有限公司
4d5fb65a,合众e贷;小花金服;中腾信和小花金服;麻袋财富
3a5886cc,汇丰;华尔街日报
a351d776,FUCK
d456e7e0,牛钱网
44e9fa71,秒钱
33eecae7,蚂蚁花呗
53294302,SKY云世纪
242e7394,Acetop
bd27222e,mtgox
ca2012b8,天安金交中心;米缸金融;天安金交
5444871b,微银金服
2343b78d,中数信安
ba4ae637,红杉财富
cd4dd6a1,金柚子;红杉财富
5df2cb30,中元天颐交易平台;金柚子;速汇国际;中元天颐
2af5fba6,惠富天下
d4b15fcd,小猫来财
a3b66f5b,Substrate;Algorand;ChainX
3abf3ee1,猫星人;知识星球
4db80e77,FUCK
d3dc9bd4,MMM公司;MMM互助金融;MMM金融
a4dbab42,董事惠
3dd2faf8,董事惠
4ad5ca6e,FUCK
da6ad7ff,比特币;火币网
ad6de769,云联惠;比特币;云集品
cdaa6e8c,云联惠;云集品
baad5e1a,FUCK
23a40fa0,邦富在线
54a33f36,清宴宝信;清宴宝
cac7aa95,笛派斯
bdc09a03,高朋金融;高朋国际
24c9cbb9,众E贷;宜人财富;金福财富;ppmoney
53cefb2f,兴亚币网;比特币
c371e6be,FUCK
b476d628,微信跑分
1927c340,创盈金服;ECLIPX
6e20f3d6,红酒云商城;比特币
f729a26c,FUCK
802e92fa,民信贷;中融民信;点融网
1e4a0759,FUCK
694d37cf,以太坊;环球之音
f0446675,FUCK
874356e3,FUCK
17fc4b72,融牛之家;嘉利宝;米缸金融;融牛在线;嘉财宝
60fb7be4,诚者聚;融金所;米缸金融
003cf201,诺德基金;诺德
773bc297,诺德基金;币安;公募基金管理公司
ee32932d,威海中元天颐文化产权交易中心
9935a3bb,玖富钱包;甲阳国际
07513618,闻喜配资
7056068e,狗狗币
e95f5734,狗狗币;聚合钱包
9e5867a2,钱嗨娱乐
0ee77a33,币安;PAN熊猫高频量化交易;PANDATRADING;比特币;熊猫高频量化交易
79e04aa5,FUCK
2b11a1c2,FUCK
5c169154,FUCK
c51fc0ee,FUCK
b218f078,猎金全民影视
2c7c65db,猎金全民影视
5b7b554d,FUCK
c27204f7,EXPASSET亚斯特
b5753461,EXPASSET
25ca29f0,飞迟财富
52cd1966,飞迟财富;小兔救急
320a9083,小兔救急;趣步
450da015,FUCK
dc04f1af,牛拜单车
ab03c139,FUCK
3567549a,FUCK
4260640c,FUCK
db6935b6,FUCK
ac6e0520,FUCK
3cd118b1,FUCK
4bd62827,FUCK
7d4b0644,FUCK
0a4c36d2,FUCK
93456768,FUCK
e44257fe,超级人脉
7a26c25d,超级人脉
0d21f2cb,俞丰财富
9428a371,丰富金服;普信金服;普信资产普信资产管理有限公司
e32f93e7,FUCK
73908e76,FUCK
0497bee0,瑞波币;比特币
64503705,微信跑分
13570793,全网乐购;微信跑分
8a5e5629,QQ钱包;献金袋鼠
fd5966bf,友信
633df31c,FUCK
143ac38a,FUCK
8d339230,瑞郎币FRCoin
fa34a2a6,俞丰财富;拍拍贷
6a8bbf37,南洋国际;俞丰财富;弘毅信投平台
1d8c8fa1,FUCK
4f7d64c6,先汇国际
387a5450,gminer和bfgminer;bfgminer;比特币;HD钱包
a17305ea,FUCK
d674357c,誉鑫国际
4810a0df,北京红杉壹本投资有限公司
3f179049,okex;维基链
a61ec1f3,bitmex
d119f165,比特币
41a6ecf4,FUCK
36a1dc62,加密猫;Mchain;环球金汇网
56665587,BFS牛汇公司;BFS牛汇
21616511,BFS牛汇公司
b86834ab,秦川策略;黄金原油
cf6f043d,和茶商城
510b919e,恒信环球投资;恒信集团;恒信国际;富通环球投资
260ca108,恒信集团
bf05f0b2,硕威投资
c802c024,硕威投资
58bdddb5,FUCK
2fbaed23,FUCK
d1fe4948,创客
a6f979de,创客;小龟软件
3ff02864,诺德基金;诺德
48f718f2,诺德基金;捷越联合;向前金服;公募基金管理公司
d6938d51,嘉银金科
a194bdc7,皇御环球
389dec7d,爱福袋;皇御环球;上海福袋汇
4f9adceb,上海福袋汇
df25c17a,FUCK
a822f1ec,FUCK
c8e57809,百益策略
bfe2489f,积分兑;养鹿啦
26eb1925,养鹿啦;芒果元宝;QQ钱包
51ec29b3,福田国际
cf88bc10,全球看点;智慧晶;流量魔盒;爱打卡
b88f8c86,Axonomy
2186dd3c,链信基金;链信国际;Axonomy
5681edaa,FUCK
c63ef03b,FUCK
b139c0ad,众生策略
18e5a977,比特币;iac
6fe299e1,FUCK
f6ebc85b,FUCK
81ecf8cd,富管家
1f886d6e,微银金服
688f5df8,淘优乐
f1860c42,云信金融;淘优乐
86813cd4,FUCK
163e2145,南洋国际
613911d3,以太坊
01fe9836,FUCK
76f9a8a0,蚂蚁淘金福;九霄商城;蚂蚁币
eff0f91a,FUCK
98f7c98c,瑞郎币FRCoin
06935c2f,比特币
71946cb9,泛海控股;中天金融
e89d3d03,金殿环球金融投资集团;GoldenPalaceGlobal
9f9a0d95,嗨团
0f251004,FUCK
78222092,FUCK
2ad3cbf5,FUCK
5dd4fb63,BNB;火币;HT
c4ddaad9,卡特尔酒庄葡萄酿酒有限公司
b3da9a4f,海银金控
2dbe0fec,Money在线;Algorand
5ab93f7a,FUCK
c3b06ec0,洛安期货
b4b75e56,FUCK
240843c7,FUCK
530f7351,清宴宝
33c8fab4,比特币
44cfca22,FUCK
ddc69b98,FUCK
aac1ab0e,全球看点;趣步
34a53ead,FUCK
43a20e3b,FUCK
daab5f81,凤凰金融;爱钱进
adac6f17,汉富资本
3d137286,顺天影视;汉富资本
4a144210,FUCK
7c896c73,FUCK
0b8e5ce5,FUCK
92870d5f,香港富盈国际期货;玖富金控;香港富盈公司;香港富盈;恒利金业;香港富赢通
e5803dc9,FUCK
7be4a86a,FUCK
0ce398fc,币天下
95eac946,先汇国际
e2edf9d0,创客
7252e441,创客;昊鑫隆
0555d4d7,FUCK
65925d32,FUCK
12956da4,FUCK
8b9c3c1e,FUCK
fc9b0c88,vpay钱包;vpay;Vpay;比特币
62ff992b,中瑞财讯;Vpay
15f8a9bd,捷越联合
8cf1f807,ofo小黄车
fbf6c891,FUCK
6b49d500,未来集市
1c4ee596,火币
4ebf0ef1,FUCK
39b83e67,高朋金融
a0b16fdd,FUCK
d7b65f4b,FUCK
49d2cae8,FUCK
3ed5fa7e,GEC币;比特币
a7dcabc4,FUCK
d0db9b52,腾讯控股;友信智投
406486c3,玖富钱包;萌橙理财;甲阳国际
3763b655,FUCK
57a43fb0,天鼎投资咨询有限公司
20a30f26,FUCK
b9aa5e9c,金管家
cead6e0a,FUCK
50c9fba9,世纪金业
27cecb3f,FUCK
bec79a85,FUCK
c9c0aa13,以太坊;亚泰坊币
597fb782,玖富钱包;甲阳国际
2e788714,FUCK
d03c237f,欧特币;龙腾盛世蜜蜂乐园;金汇泰;蜜蜂乐园;HTR
a73b13e9,鼎诚创投
3e324253,开鑫贷;金e贷;鼎诚创投
493572c5,FUCK
d751e766,FUCK
a056d7f0,FUCK
395f864a,汇联智投
4e58b6dc,FUCK
dee7ab4d,众盈外汇资管;伟创国际
a9e09bdb,FUCK
c927123e,快盈财汇
be2022a8,FUCK
27297312,汇新智配资
502e4384,智慧地球
ce4ad627,FUCK
b94de6b1,FUCK
2044b70b,FUCK
5743879d,FUCK
c7fc9a0c,FUCK
b0fbaa9a,粉象生活
1aa3172e,北京中纳联资产管理有限公司;粉象生活
6da427b8,FUCK
f4ad7602,东恒国际外汇交易平台
83aa4694,PLUSTOKEN;比特币;smartmoney
1dced337,FUCK
6ac9e3a1,智慧晶
f3c0b21b,积分兑
84c7828d,FBC
14789f1c,FUCK
637faf8a,吉林鼎邦集团
03b8266f,吉林鼎邦集团
74bf16f9,FUCK
edb64743,FUCK
9ab177d5,辉立国际
04d5e276,FUCK
73d2d2e0,喵赞;比特币
eadb835a,黄金钱包;存金宝
9ddcb3cc,FUCK
0d63ae5d,久久爆品汇
7a649ecb,久久爆品汇;OTM奥美外汇
289575ac,FUCK
5f92453a,百倍币;榴莲微视
c69b1480,FUCK
b19c2416,FUCK
2ff8b1b5,汇银资本管理有限公司;鑫银宝;百川理财币
58ff8123,多米金融;鑫银宝
c1f6d099,FUCK
b6f1e00f,USGFX联准国际;PTFX;海汇国际;HIIFX海汇国际;usgforex;etfx;usgfx;USGFX;海汇
264efd9e,抹茶交易所;以太坊;天王链KOC;天王链
5149cd08,Youbank;以太坊;比特币;智能宝
318e44ed,德林国际
4689747b,清果普惠
df8025c1,FUCK
a8871557,FUCK
36e380f4,联贝德
41e4b062,火萤棋牌
d8ede1d8,FUCK
afead14e,FUCK
3f55ccdf,FUCK
4852fc49,FUCK
7ecfd22a,FXOPEN;FXOpen;FXOpen外汇交易平台
09c8e2bc,AGK拆分盘
90c1b306,皇玛金融;AGK拆分理财
e7c68390,FUCK
79a21633,先汇国际
0ea526a5,逗趣微视;榴莲微视
97ac771f,逗趣微视;榴莲微视;安亿金融;安亿金融安亿金融
e0ab4789,泰濠银汇
70145a18,泰濠银汇;比特币
07136a8e,FUCK
67d4e36b,FUCK
10d3d3fd,存德投资
89da8247,全球看点
feddb2d1,FUCK
60b92772,谷品优选
17be17e4,以太坊
8eb7465e,英皇金融国际
f9b076c8,英皇金融国际
690f6b59,玖富;悟空理财
1e085bcf,玖富;玖富钱包;悟空理财;川商联宗商品交易中心
4cf9b0a8,文语影视;文语影投
3bfe803e,FUCK
a2f7d184,FUCK
d5f0e112,胜威国际集团;南京钱宝网;中民福祉无忧天使;百川币;大唐币;MMM理财
4b9474b1,中民福祉无忧天使;胜威国际集团;卓恒影视;MMM理财
3c934427,永利金控
a59a159d,永利金控;金机宝
d29d250b,派派猪理财
4222389a,FUCK
3525080c,FUCK
55e281e9,HFNEX
22e5b17f,HFNEX
bbece0c5,百倍星球
ccebd053,百倍星球
528f45f0,创客;嘉盛外汇
25887566,创客;云尊链;Fcoin;●WINBITEX云尊链;云尊链WINBIT
bc8124dc,AGK财富;云尊链;AGK理财;钱够花
cb86144a,惠富天下
5b3909db,美人团
2c3e394d,FUCK
d27a9d26,FUCK
a57dadb0,Algorand;知识星球;Algorandinves
3c74fc0a,FUCK
4b73cc9c,FUCK
d517593f,FUCK
a21069a9,布尔金融
3b193813,FUCK
4c1e0885,牧宝理财
dca11514,牧宝理财
aba62582,比特币
cb61ac67,FUCK
bc669cf1,维客特
256fcd4b,金瑞财富;青蚨在线;维客特;北京红八网络科技有限公司;红八财富
5268fddd,FUCK
cc0c687e,FUCK
bb0b58e8,FUCK
22020952,霸屏天下;鑫汇影城
550539c4,鑫汇国际;博林环球
c5ba2455,TON币;趣步
b2bd14c3,以太坊;霍特币;英特币
1b617d19,维客特
6c664d8f,西瓜生活;维客特
f56f1c35,Mchain
82682ca3,Mchain;疯传MMM金融;MMM金融;MMM华人尊享金融
1c0cb900,FUCK
6b0b8996,FUCK
f202d82c,FUCK
8505e8ba,FUCK
15baf52b,秒钱
62bdc5bd,FUCK
027a4c58,昆山摩尔投资管理有限公司
757d7cce,币达财富;昆山摩尔投资管理有限公司
ec742d74,FUCK
9b731de2,FUCK
05178841,融牛在线
7210b8d7,FUCK
eb19e96d,FUCK
9c1ed9fb,FUCK
0ca1c46a,FUCK
7ba6f4fc,FUCK
29571f9b,老虎外汇;鼎诚创投
5e502f0d,天安金交中心;米缸金融;鼎诚创投;天安财险;天安金交中心天安金交中心
c7597eb7,FUCK
b05e4e21,aet外汇;多米金融;啄米理财
2e3adb82,维客特;甬e贷
593deb14,普信金服;普信财富;普信资产普信资产管理有限公司
c034baae,微云全球
b7338a38,微云全球
278c97a9,FUCK
508ba73f,大姐花;大姐花贷款
304c2eda,闻喜配资
474b1e4c,中聚明投平台;闻喜配资
de424ff6,文语影投
a9457f60,FUCK
3721eac3,FUCK
4026da55,FUCK
d92f8bef,恒通国际
ae28bb79,FUCK
3e97a6e8,FUCK
4990967e,FUCK
7f0db81d,FUCK
080a888b,FUCK
9103d931,FUCK
e604e9a7,FUCK
78607c04,恒通大宗
0f674c92,淘优乐
966e1d28,淘优乐
e1692dbe,黔中生态茶交易中心;成都市瑞志企业管理咨询有限公司
71d6302f,FUCK
06d100b9,乐金所乐金所;四海众投四海众投隶属安徽四联金融服务有限公司;安徽乐金互;小马金融
6616895c,FUCK
1111b9ca,PTFX;ptfx;易信;PTFX普顿;PTFX普顿外汇
8818e870,聚胜财富;上海聚胜投资管理有限公司
ff1fd8e6,酒掌柜;小狗钱钱;黄金钱包
617b4d45,黄金钱包
167c7dd3,智慧晶
8f752c69,火萤棋牌;智慧晶
f8721cff,壹彤地产
68cd016e,西安金控
1fca31f8,FUCK
4d3bda9f,FUCK
3a3cea09,FUCK
a335bbb3,FUCK
d4328b25,海贝国际
4a561e86,火币;火币HT;PTFX;波场超级社区;SOxex;比特币
3d512e10,FUCK
a4587faa,FUCK
d35f4f3c,FUCK
43e052ad,天裕泓盛
34e7623b,FUCK
5420ebde,FUCK
2327db48,易易金服
ba2e8af2,以太坊
cd29ba64,维客特
534d2fc7,维客特;趣渔乐;趣步
244a1f51,钻石分期
bd434eeb,腾邦现货
ca447e7d,FUCK
5afb63ec,领秀国际;LX领秀国际
2dfc537a,链城亿购;LX领秀国际;链城易购
d3b8f711,FUCK
a4bfc787,以太森林;YTC;趣步
3db6963d,玖富;玖富集团
4ab1a6ab,玖富;天宸投资
d4d53308,干股帮
a3d2039e,狗狗币;比特狗;干股帮
3adb5224,OTM奥美信托外汇
4ddc62b2,众人帮
dd637f23,FUCK
aa644fb5,FUCK
caa3c650,FUCK
bda4f6c6,FUCK
24ada77c,红果子庄园
53aa97ea,FUCK
cdce0249,AGK理财
bac932df,FUCK
23c06365,FUCK
54c753f3,FUCK
c4784e62,海贝国际
b37f7ef4,福建畅丰机械集团有限公司
103d3a24,FUCK
673a0ab2,金机宝
fe335b08,FUCK
89346b9e,FUCK
1750fe3d,FUCK
6057ceab,FUCK
f95e9f11,FUCK
8e59af87,卡盟金服
1ee6b216,FUCK
69e18280,FUCK
09260b65,现金借款秒贷;ffx;现金借款
7e213bf3,FUCK
e7286a49,创客
902f5adf,创客;AIAForex
0e4bcf7c,AIAForex;BENZ平台
794cffea,泛亚交易
e045ae50,文语影投;泛亚交易
97429ec6,特惠赚
07fd8357,深圳聚电智能科技股份有限公司;金石资本;特惠赚
70fab3c1,FUCK
220b58a6,车享链
550c6830,艾特链
cc05398a,VDS;COINBIG
bb02091c,通金所
25669cbf,德融财富
5261ac29,妮素国际网络有限公司;素店
cb68fd93,素店
bc6fcd05,创世大陆;Hashbang;汇丰信托;Axonomy;空气币
2cd0d094,启迪金服;Axonomy
5bd7e002,FUCK
3b1069e7,爱善贷
4c175971,锦安财富;卡拉卡尔
d51e08cb,榴莲微视
a219385d,映贝金服;利利金服;云端金融;象象财富
3c7dadfe,掌悦理财
4b7a9d68,Filecoin
d273ccd2,HFNEX
a574fc44,HFNEX;素店
35cbe1d5,素店
42ccd143,FUCK
7451ff20,FUCK
0356cfb6,VaslonFX沃伦国际
9a5f9e0c,AGK理财
ed58ae9a,AGK理财;北京红杉壹本投资有限公司
733c3b39,嘉联支付;北京红杉壹本投资有限公司
043b0baf,麻袋财富;爱钱进;拍拍贷
9d325a15,趣店
ea356a83,FUCK
7a8a7712,FUCK
0d8d4784,献金袋鼠
6d4ace61,捷越联合
1a4dfef7,金柚子
8344af4d,丰盛金融投资有限公司
f4439fdb,丰盛金融投资有限公司
6a270a78,FUCK
1d203aee,中盈晟投资有限公司
84296b54,FUCK
f32e5bc2,FUCK
63914653,FUCK
149676c5,尚融网贷
46679da2,FUCK
3160ad34,周转金服
a869fc8e,FUCK
df6ecc18,俞丰财富;汇盈通
410a59bb,PTFX;俞丰财富;PTFX普顿;PTFX普顿外汇
360d692d,FUCK
af043897,可信贷
d8030801,可信贷;维客特;华银金融
48bc1590,维客特
3fbb2506,FUCK
5f7cace3,上海紫景鼎网络科技有限公司
287b9c75,趣享付
b172cdcf,FUCK
c675fd59,FUCK
581168fa,ADC
2f16586c,FUCK
b61f09d6,FUCK
c1183940,汇新智配资
51a724d1,UnWallet钱包
26a01447,金大宝;创鑫钱包
d8e4b02c,卡特尔酒庄葡萄酿酒有限公司;金大宝;创鑫钱包
afe380ba,FUCK
36ead100,FUCK
41ede196,元素
df897435,淘乐惠
a88e44a3,火牛视频
31871519,亦跑
4680258f,一块宝;亦跑;首汽约车;未来集团
d63f381e,FUCK
a1380888,FUCK
c1ff816d,FUCK
b6f8b1fb,据融360
2ff1e041,FUCK
58f6d0d7,FUCK
c6924574,小龟软件
b19575e2,铂诺财富
289c2458,FUCK
5f9b14ce,FUCK
cf24095f,天裕泓盛
b82339c9,FUCK
11ff5013,infinox;新亚金控;tradeviewmarkets
66f86085,金管家;水瑶黎在线
fff1313f,逸富国际期货;逸富国际
88f601a9,FUCK
1692940a,华夏云商
6195a49c,华夏云商;红杉财富
f89cf526,FUCK
8f9bc5b0,FUCK
1f24d821,FUCK
6823e8b7,FUCK
08e46152,诺德基金;诺德
7fe351c4,诺德基金;翼龙贷;钱来也
e6ea007e,FUCK
91ed30e8,欧特币;以太坊;比特币
0f89a54b,FUCK
788e95dd,泰禾人寿保险有限公司
e187c467,爱善贷
9680f4f1,花生米富;向上金服;小金袋
063fe960,小金袋
7138d9f6,FUCK
23c93291,造艺科技
54ce0207,老虎汇资产管理有限公司
cdc753bd,老虎汇资产管理有限公司
bac0632b,辣妈总管
24a4f688,Imcash
53a3c61e,小象金融
caaa97a4,小象金融
bdada732,FUCK
2d12baa3,FUCK
5a158a35,FUCK
3ad203d0,HyperPay
4dd53346,大姐花;大姐花贷款
d4dc62fc,大姐花
a3db526a,联养链;瑞波币;比特币;钱银金融;U聚宝
3dbfc7c9,ptfx;bca银行;U聚宝
4ab8f75f,现金借款
d3b1a6e5,泰瑞币;现金借款
a4b69673,秒钱
34098be2,百倍币;以太坊
430ebb74,番呗基金;番呗商城
75939517,FUCK
0294a581,以太坊;亚泰坊币
9b9df43b,横琴新区稀贵交易中心有限公司
ec9ac4ad,芝麻鲸选;横琴新区稀贵交易中心有限公司;未来集市;粉象生活
72fe510e,粉象生活
05f96198,花生日记;卡盟金服
9cf03022,FUCK
ebf700b4,沪深理财;首投理财
7b481d25,沪深理财;简啦啦;首投理财
0c4f2db3,长征财富
6c88a456,FUCK
1b8f94c0,FUCK
8286c57a,FUCK
f581f5ec,FUCK
6be5604f,FUCK
1ce250d9,微交易gkfx
85eb0163,猎金全民影视
f2ec31f5,火币;全球看点;智慧晶
62532c64,轻易贷;爱钱进
15541cf2,FUCK
47a5f795,永利宝;工资管家
30a2c703,创客;5050;华夏云商;工资管家;瑞景之家
a9ab96b9,创客;BossToken钱包;瑞景之家;5050;华夏云商;比特币;BossToken
deaca62f,天河城投
40c8338c,琼华网;天河城投
37cf031a,琼华网
aec652a0,FUCK
d9c16236,FUCK
497e7fa7,FUCK
3e794f31,FUCK
5ebec6d4,FUCK
29b9f642,钱宝网
b0b0a7f8,钱宝网
c7b7976e,东霖国际;小鸣单车
59d302cd,广信贷;大额标;广信贷大额标
2ed4325b,红达信息;金秋财富
b7dd63e1,币安;okex
c0da5377,抹茶交易所;VDS;火币;百倍币
50654ee6,摇呗呗;趣步;人人推
27627e70,嘉盛外汇;嘉盛;摇呗呗;趣步;人人推
d926da1b,FUCK
ae21ea8d,先汇国际
3728bb37,雷达钱包
402f8ba1,FUCK
de4b1e02,FUCK
a94c2e94,以太坊
30457f2e,盈联影视
47424fb8,OTM奥美外汇
d7fd5229,FUCK
a0fa62bf,FUCK
c03deb5a,okex;exp
b73adbcc,FUCK
2e338a76,FUCK
5934bae0,光子链
c7502f43,FUCK
b0571fd5,PTFX;易信;PTFX普顿外汇
295e4e6f,京信链
5e597ef9,心语通讯;河南鑫语电子科技有限公司
cee66368,红岭金服
b9e153fe,鼎诚创投
83f95325,鼎诚创投;百信通国际
f4fe63b3,FUCK
6df73209,FUCK
1af0029f,FUCK
8494973c,托富链TFC
f393a7aa,汉富资本
6a9af610,星星贷;德福财富
1d9dc686,德福财富
8d22db17,尧锦智富
fa25eb81,火萤棋牌;尧锦智富
9ae26264,香港瑞德环球;富盈通
ede552f2,FUCK
74ec0348,易信;easyMarkets易信;easyMarkets;易信金融
03eb33de,easyMarkets易信
9d8fa67d,FUCK
ea8896eb,时空周转;小象优品
7381c751,时空周转
0486f7c7,优信
9439ea56,硕威投资
e33edac0,FUCK
b1cf31a7,创客
c6c80131,创客
5fc1508b,趣渔乐;趣步
28c6601d,FUCK
b6a2f5be,~XX平台
c1a5c528,FUCK
58ac9492,软银集团
2faba404,财富在线;北京财富直通车投资管理有限公司
bf14b995,联贝德;联贝德钱包;魔贝钱包
c8138903,联贝德;DAG链
a8d400e6,FUCK
dfd33070,FUCK
46da61ca,FUCK
31dd515c,聚赢宝
afb9c4ff,LINE
d8bef469,FUCK
41b7a5d3,灵猫链;猫之链
36b09545,灵猫链
a60f88d4,玖富叮当贷
d108b842,FUCK
e7959621,维卡币;五行币;万福币;暗黑币;亚欧币;GCB光彩币
9092a6b7,莱汇币
099bf70d,汇管家;趣步
7e9cc79b,趣步
e0f85238,FUCK
97ff62ae,FUCK
0ef63314,宿爱
79f10382,宿爱
e94e1e13,莱信;氢点科技;氢点
9e492e85,氢点;国泰君安
fe8ea760,FUCK
898997f6,betdice
1080c64c,FUCK
6787f6da,玖富;悟空理财
f9e36379,广东壹号食品有限公司
8ee453ef,FUCK
17ed0255,超易周转
60ea32c3,鑫果交易
f0552f52,鑫果交易
87521fc4,芒果元宝;成都市瑞志企业管理咨询有限公司
d5a3f4a3,芒果元宝;火萤棋牌
a2a4c435,亦跑
3bad958f,乐洁时代;亦跑
4caaa519,FUCK
d2ce30ba,创百金服
a5c9002c,智趣问;智慧晶
3cc05196,挂挂赚;智慧晶
4bc76100,趣步
db787c91,FUCK
ac7f4c07,FUCK
ccb8c5e2,微牛证券;辉立国际;Rexmark外汇;ffx外汇
bbbff574,辰颐物语
22b6a4ce,深圳聚电智能科技股份有限公司;辰颐物语
55b19458,POFX亚太;POFX亚太外汇
cbd501fb,邦富在线
bcd2316d,南昌市民融登中心
25db60d7,FUCK
52dc5041,京贷金服
c2634dd0,京贷金服
b5647d46,东霖国际
4b20d92d,优品
3c27e9bb,优品
a52eb801,FUCK
d2298897,趣嗨生态;趣步
4c4d1d34,FUCK
3b4a2da2,斐讯;斐讯商城
a2437c18,快鸟金服
d5444c8e,英皇娱乐;英皇集团
45fb511f,AGK财富;AGK理财
32fc6189,FUCK
523be86c,老虎汇
253cd8fa,老虎汇
bc358940,人人爱家金融
cb32b9d6,云尊集团;云尊币;人人爱家金融
55562c75,OTM奥美外汇;OTM奥美公司;云尊币;OTM奥美集团
22511ce3,FUCK
bb584d59,宜易宝
cc5f7dcf,趣步
5ce0605e,FUCK
2be750c8,FUCK
823b3912,FUCK
f53c0984,番呗商城
6c35583e,FUCK
1b3268a8,FUCK
8556fd0b,小龟软件
f251cd9d,钱来也;钱来也钱来也;帛扬集团
6b589c27,乐享天下
1c5facb1,FUCK
8ce0b120,嗨团
fbe781b6,天天微赚天天微赚;嗨团;天天微赚
9b200853,盈联影视;广州天河某城
ec2738c5,泰润生物科技;泰润生物科技有限公司;广西泰润生物科技有限公司
752e697f,云尊链;云尊集团;云尊币;云尊币云尊链
022959e9,精灵家园
9c4dcc4a,精灵家园
eb4afcdc,天汇金融
7243ad66,FUCK
05449df0,乐发传媒
95fb8061,FUCK
e2fcb0f7,湖南金融工匠
b00d5b90,FUCK
c70a6b06,华融金融
5e033abc,嘉盛集团股份有限公司;嘉盛集团
29040a2a,华盛资本
b7609f89,疯狂动物城;华盛资本
c067af1f,ACY稀万
596efea5,上海亦游艺术品有限公司
2e69ce33,FUCK
bed6d3a2,素店
c9d1e334,素店
a9166ad1,FUCK
de115a47,FUCK
47180bfd,FUCK
301f3b6b,天泽环球;硕威投资
ae7baec8,远特喜牛通信
d97c9e5e,智慧晶
4075cfe4,贵州帮芒拼
3772ff72,FUCK
a7cde2e3,爱钱进;融牛在线
d0cad275,FUCK
e657fc16,FUCK
9150cc80,快猫猫
08599d3a,诺德外汇;诺德;快猫猫
7f5eadac,火趣小视频
e13a380f,黄金钱庄;乐享宝;拉拉财富;宜易宝
963d0899,黄金钱庄
0f345923,捷越联合
783369b5,诺德基金;捷越联合;诺德
e88c7424,FUCK
9f8b44b2,米房借条
ff4ccd57,国泰君安;米房借条
884bfdc1,FUCK
1142ac7b,黔中生态茶交易中心
66459ced,温商链;温商币;温商联盟;黔中生态茶交易中心有限公司;wscWscoin
f821094e,FUCK
8f2639d8,宜友之家;宜贷网;聚鑫鼎汇实业有限公司;海南汇邦外汇资讯有限公司
162f6862,FUCK
612858f4,红达信息;金秋财富
f1974565,金兔宝;金机宝
869075f3,FUCK
d4619e94,WoToken;比特币
a366ae02,GEC币;比特币
3a6fffb8,GEC币;奇牛国际
4d68cf2e,币虎基金
d30c5a8d,北京泽泓文化发展有限公司;百金贷;恒昌财富;雅堂金融
a40b6a1b,FUCK
3d023ba1,FUCK
4a050b37,华泰逸富国际期货
daba16a6,乐金所;贝壳街
adbd2630,FUCK
cd7aafd5,FUCK
ba7d9f43,FUCK
2374cef9,FUCK
5473fe6f,麦尔国际mmlfx外汇
ca176bcc,杭州世舟投资管理有限公司;世舟之家
bd105b5a,世舟之家
24190ae0,U币贷
531e3a76,邦君悠购
c3a127e7,邦君悠购
b4a61771,京开创投;米房借条
4ae2b31a,罗威财富;中图在线;京开创投
3de5838c,FUCK
a4ecd236,FUCK
d3ebe2a0,维卡币;加密货币
4d8f7703,FUCK
3a884795,UnWallet钱包;UnWallet
a381162f,FUCK
d48626b9,比特币
44393b28,黄金钱包
333e0bbe,国鑫汇;鑫汇国际
53f9825b,瑞波币Ripple瑞波币;以太坊;瑞波币;比特币;领域王国
24feb2cd,FUCK
bdf7e377,速想购
caf0d3e1,玖富;玖富钱包
54944642,小狗钱钱;中鼎金服;鱼米金服;富二贷
239376d4,FUCK
ba9a276e,杭州金盒子理财
cd9d17f8,FUCK
5d220a69,FUCK
2a253aff,淘优乐商城;淘优乐
807d874b,FUCK
f77ab7dd,FUCK
6e73e667,Upay
1974d6f1,创客
87104352,创客
f01773c4,云尊链;WINBITEX云尊链
691e227e,厚福无疆
1e1912e8,爱乐在线
8ea60f79,爱乐在线
f9a13fef,诺德
9966b60a,利利金服
ee61869c,比特币
7768d726,以太坊;PAX据KuCoin交易所;Bakkt
006fe7b0,FUCK
9e0b7213,比特币
e90c4285,FUCK
7005133f,FUCK
070223a9,融牛之家;爱钱进;融牛在线
97bd3e38,PTFX;ptfx;易信;PTFX普顿;PTFX普顿外汇
e0ba0eae,FUCK
b24be5c9,ACY稀万
c54cd55f,诺德外汇交易平台;诺德
5c4584e5,FUCK
2b42b473,TTEX;比特币
b52621d0,FUCK
c2211146,wotoken
5b2840fc,蚂蚁矿机antminer
2c2f706a,蚂蚁矿机antminer;英融国际交易所;英融国际
bc906dfb,丰盛金融;玖富金控
cb975d6d,罗牛国际;华盛资本
ab50d488,FUCK
dc57e41e,FUCK
455eb5a4,MMM金融;MMM互助理财
32598532,芒果口袋;贷上钱芒果口袋
ac3d1091,南昌期财
db3a2007,加密货币;EXPASSET;比特币
423371bd,比特币
3534412b,卡盟金服
a58b5cba,MMM平台;比特币;卡盟金服
d28c6c2c,FUCK
e411424f,FUCK
931672d9,中盈财富
0a1f2363,FUCK
7d1813f5,钱程无忧配资
e37c8656,FUCK
947bb6c0,SMI;AGK理财
0d72e77a,花生日记;卡盟金服
7a75d7ec,FUCK
eacaca7d,FUCK
9dcdfaeb,FUCK
fd0a730e,FUCK
8a0d4398,FUCK
13041222,FUCK
640322b4,养鹿啦
fa67b717,火萤棋牌
8d608781,鹏润金服;美易理财
1469d63b,逗趣微视
636ee6ad,FUCK
f3d1fb3c,氢点
84d6cbaa,氢点;诺德
d62720cd,诺德基金
a120105b,榴莲微视
382941e1,FUCK
4f2e7177,印象口袋
d14ae4d4,加油宝
a64dd442,加油宝
3f4485f8,小樱桃
4843b56e,新橙分期
d8fca8ff,新橙分期;趣步
affb9869,FUCK
cf3c118c,FUCK
b83b211a,FUCK
213270a0,FUCK
56354036,FUCK
c851d595,甩甩宝宝
bf56e503,辰麟宝;甩甩宝宝
265fb4b9,辰麟宝
5158842f,FUCK
c1e799be,马克币
b6e0a928,乐洁时代
48a40d43,泛亚交易
3fa33dd5,趣步
a6aa6c6f,GEC环保币;趣步
d1ad5cf9,F8coin交易所
4fc9c95a,FUCK
38cef9cc,比特币
a1c7a876,FUCK
d6c098e0,环球金股汇
467f8571,华登区块狗
3178b5e7,俞丰财富;华登区块狗
51bf3c02,俞丰财富
26b80c94,神店
bfb15d2e,FUCK
c8b66db8,FUCK
56d2f81b,诺德基金;诺德
21d5c88d,诺德基金
b8dc9937,Wpay;wpay
cfdba9a1,Wpay;嘉盛集团股份有限公司;嘉盛集团
5f64b430,嘉盛集团股份有限公司
286384a6,FUCK
81bfed7c,诚者聚
f6b8ddea,嘉银普惠;多啦聚财
6fb18c50,多啦聚财
18b6bcc6,FUCK
86d22965,呆萌价
f1d519f3,汇联智投
68dc4849,顺心花花
1fdb78df,FUCK
8f64654e,诺德基金;喆颢诺德;宜信财富
f86355d8,俞丰财富
98a4dc3d,元素
efa3ecab,宝点网;e租宝
76aabd11,ADC矿场;宝点网;ADC
01ad8d87,雷达币
9fc91824,FUCK
e8ce28b2,全球看点
71c77908,深圳聚电智能科技股份有限公司;金石资本
06c0499e,cfx圆汇
967f540f,火萤棋牌
e1786499,FUCK
b3898ffe,优信;南京胜沃投资管理有限公司;沃时贷
c48ebf68,娃哈哈Vkmall
5d87eed2,娃哈哈Vkmall
2a80de44,甲阳国际;玖富钱包;杜邦财富
b4e44be7,FUCK
c3e37b71,中盈财富
5aea2acb,FUCK
2ded1a5d,FUCK
bd5207cc,合众e贷;小花金服;中腾信和小花金服;麻袋财富
ca55375a,FUCK
aa92bebf,FUCK
dd958e29,盛世财团;素店
449cdf93,盛世财团
339bef05,FUCK
adff7aa6,FUCK
daf84a30,FUCK
43f11b8a,FUCK
34f62b1c,周转宝盒
a449368d,周转宝盒;诺德基金管理有限公司;诺德基金;科创板;诺德
d34e061b,诺德基金;众人帮
e5d32878,FUCK
92d418ee,火币
0bdd4954,中联亿配
7cda79c2,EXPASSET;中联亿配
e2beec61,FUCK
95b9dcf7,腾邦现货;腾邦集团
0cb08d4d,公信宝
7bb7bddb,金汇宝
eb08a04a,创客
9c0f90dc,创客;鼎赢牛科创板;科创板;鼎赢牛专业股票配资
fcc81939,FUCK
8bcf29af,FUCK
12c67815,FUCK
65c14883,娃哈哈Vkmall
fba5dd20,FUCK
8ca2edb6,绿皮管家;小猫来财
15abbc0c,多米头条;小猫来财
62ac8c9a,多米头条
f213910b,有米金融;微粒贷;蚂蚁花呗;淘钱宝
8514a19d,币基金
d7e54afa,FUCK
a0e27a6c,FUCK
39eb2bd6,创世银库
4eec1b40,清宴宝;创世银库
d0888ee3,佰仟金融;虹金所;虹奥财富;清宴宝
a78fbe75,FUCK
3e86efcf,欧特币;挂挂赚
4981df59,FUCK
d93ec2c8,淘优乐
ae39f25e,淘优乐
cefe7bbb,诺德
b9f94b2d,杨梅白卡
20f01a97,FUCK
57f72a01,十一钱包;银小花
c993bfa2,FUCK
be948f34,她理财
279dde8e,有融网;爱福家;赛鼎生物科技有限公司;湖南振湘网络科技有限公司;天心金融
509aee18,股丰云策
c025f389,远特喜牛
b722c31f,ENNEX
49666774,以太森林
3e6157e2,度王金服
a7680658,度王金服
d06f36ce,牧宝理财
4e0ba36d,FUCK
390c93fb,FUCK
a005c241,FUCK
d702f2d7,西安金控
47bdef46,FUCK
30badfd0,FUCK
507d5635,海航聚宝汇
277a66a3,BFS牛汇;牛汇外汇
be733719,飞贷;BFS牛汇
c974078f,FUCK
5710922c,以太坊;Filecoin
2017a2ba,plustoken钱包
b91ef300,泓石投资;Plustoken;泓石金服
ce19c396,鼎诚创投
5ea6de07,鼎诚创投
29a1ee91,FUCK
84f0fbf9,FUCK
f3f7cb6f,Toptoken;TopToken;TopToken钱包
6afe9ad5,淘气购
1df9aa43,Libra
839d3fe0,当袋宝;以太坊
f49a0f76,FUCK
6d935ecc,网易云信
1a946e5a,FUCK
8a2b73cb,FUCK
fd2c435d,淘金网;TG淘金网;TG淘金能;反波胆
9debcab8,FUCK
eaecfa2e,微豪配资
73e5ab94,FUCK
04e29b02,FUCK
9a860ea1,FUCK
ed813e37,gtfx;科创板
74886f8d,FUCK
038f5f1b,云信金融
9330428a,上有财金
e437721c,工资管家
b6c6997b,工资管家
c1c1a9ed,巴巴汇巴巴汇系大连巴巴汇金服
58c8f857,FUCK
2fcfc8c1,创世金库
b1ab5d62,以太坊;艾尔链
c6ac6df4,艾尔链
5fa53c4e,FUCK
28a20cd8,香港华尊融资担保有限公司;龙鼎在线;美银美林金融
b81d1149,维客特
cf1a21df,意隆财富;华安基金管理有限公司;河北海鹰环境科技股份有限公司
afdda83a,FUCK
d8da98ac,比特币
41d3c916,小龟软件
36d4f980,以太坊
a8b06c23,FUCK
dfb75cb5,FUCK
46be0d0f,FUCK
31b93d99,甜橙理财;易财宝
a1062008,甜橙理财;鲁多多
d601109e,启泰金服;中银国际民众期货中达期货;汇信国际;汇诚国际;恒丰金融坤祥能源华业金融荣恒国际创兴环球天恒世纪创期国投瑞投;鲁多多;西部川贵大宗商品汇
e09c3efd,FUCK
979b0e6b,FUCK
0e925fd1,易信easyMarkets;easyMarkets;easyMarketsMT4
79956f47,红果子庄园
e7f1fae4,趣步
90f6ca72,FUCK
09ff9bc8,玛伊惠玛伊微享淘
7ef8ab5e,FUCK
ee47b6cf,吉悠
99408659,盈通国际;吉悠;豪隆国际
f9870fbc,鼎兴环球
8e803f2a,以太坊;比特币;瑞波联储
17896e90,FUCK
608e5e06,优乐商城
feeacba5,中金摩根
89edfb33,FUCK
10e4aa89,FUCK
67e39a1f,FUCK
f75c878e,蚂蚁巴士app蚂蚁巴士;闪电借款;蚂蚁巴士
805bb718,FUCK
d2aa5c7f,FUCK
a5ad6ce9,FUCK
3ca43d53,FUCK
4ba30dc5,瑞波钱包;瑞波币;瑞波plus
d5c79866,FUCK
a2c0a8f0,FUCK
3bc9f94a,FUCK
4ccec9dc,易通商城;三三易通
dc71d44d,易通商城
ab76e4db,FUCK
cbb16d3e,爱尚养猪;比特鸡
bcb65da8,FUCK
25bf0c12,FUCK
52b83c84,宝星环球投资;云南国际信托有限公司
ccdca927,宝星环球投资
bbdb99b1,大圣金福
22d2c80b,大圣金福;领秀国际
55d5f89d,FUCK
c56ae50c,懒财网;东创在线;和信贷;云端金融
b26dd59a,BFS牛汇平台
4c2971f1,BFS牛汇平台
3b2e4167,FUCK
a22710dd,FUCK
d520204b,福袋汇业
4b44b5e8,FUCK
3c43857e,麻袋财富
a54ad4c4,华宝基金;麻袋财富
d24de452,FUCK
42f2f9c3,FUCK
35f5c955,据融360
553240b0,小鸟发财
22357026,榴莲微视;小鸟发财
bb3c219c,FUCK
cc3b110a,优信;安信金控
525f84a9,ICA亚投链;亚投链
2558b43f,TTEX;TTEX天天交易所;比特币
bc51e585,FUCK
cb56d513,火币;bfsforex牛汇;比特币;火币网
5be9c882,平安金融帝国;平安信托
2ceef814,鼎诚创投
853291ce,高佣联盟;鼎诚创投
f235a158,昆明栋平智能投资平台
6b3cf0e2,FUCK
1c3bc074,信融财富
825f55d7,Vpay
f5586541,FUCK
6c5134fb,上有财金
1b56046d,FUCK
8be919fc,牛钱网
fcee296a,宁夏自然生物科技有限公司
9c29a08f,养鹿啦;宁夏自然生物科技有限公司
eb2e9019,养鹿啦
7227c1a3,华军合创贯军e购;云联惠;盖网;华军合创
0520f135,FUCK
9b446496,FUCK
ec435400,山东金融资产交易所;山东金交中心;鲁金宝
754a05ba,未来集市
024d352c,未来集市
92f228bd,农商金融租赁有限责任公司
e5f5182b,融牛之家;红岭创投;融牛在线
b704f34c,FUCK
c003c3da,霸屏天下;智慧易购;东霖国际;时时彩;微交易
590a9260,RANFLAG平台
2e0da2f6,金猪管家
b0693755,蓝莓花花优享;蓝莓花花
c76e07c3,鑫果交易;蓝莓花花
5e675679,鑫果交易;邦富在线;广西邦富投资管理有限公司
296066ef,悦花越有;悦天使;北京悦天使企业管理有限公司;北京悦天使
b9df7b7e,FUCK
ced84be8,FUCK
ae1fc20d,以太坊;比特币
d918f29b,FUCK
4011a321,JON币;JON农生链;金元卡
371693b7,金元卡
a9720614,金元卡
de753682,币盛汇
477c6738,印象口袋
307b57ae,casino星球;泰肯星球;Casino星球
a0c44a3f,xxx;VeGard;泰肯星球;海南大宗;安信金控
d7c37aa9,FUCK
e15e54ca,全民外贸
9659645c,全民外贸
0f5035e6,黄金原油
78570570,聚宝汇;大田环球;华银天下
e63390d3,特惠赚
9134a045,FUCK
083df1ff,凤推传媒;特惠赚
7f3ac169,杨方配资
ef85dcf8,红豆卡
9882ec6e,达世币;红豆卡
f845658b,FUCK
8f42551d,北京红杉壹本投资有限公司
164b04a7,以太坊;Filecoin;北京红杉壹本投资有限公司
614c3431,双创在线
ff28a192,双创在线
882f9104,双创在线
1126c0be,VDS;mt4
6621f028,FUCK
f69eedb9,FUCK
8199dd2f,特惠赚
d3683648,艾丽哲
a46f06de,艾丽哲
3d665764,FUCK
4a6167f2,易信网
d405f251,FUCK
a302c2c7,未来集市
3a0b937d,FUCK
4d0ca3eb,联璧金融;环球国际期货;富民宝;平安普惠
ddb3be7a,诺德基金;诺德
aab48eec,诺德基金;公募基金管理公司
ca730709,FUCK
bd74379f,维基链
247d6625,FUCK
537a56b3,汇品万货
cd1ec310,aisa爱莎外汇;汇品万货
ba19f386,芬香
2310a23c,日发国际
541792aa,FUCK
c4a88f3b,小龟软件
b3afbfad,FUCK
4deb1bc6,艾尔链
3aec2b50,艾尔链;EOS主网
a3e57aea,顺心花花;顺心花花贷款
d4e24a7c,FUCK
4a86dfdf,美缘影视
3d81ef49,FUCK
a488bef3,FUCK
d38f8e65,永利金控
433093f4,Money在线;Algorand;永利金控
3437a362,FUCK
54f02a87,FUCK
23f71a11,蜜芽宝贝
bafe4bab,FUCK
cdf97b3d,FUCK
539dee9e,银亚国际
249ade08,银亚国际
bd938fb2,FUCK
ca94bf24,FUCK
5a2ba2b5,吉鑫贷;easymarkets
2d2c9223,红域;红域短视频;和信贷;火牛视频;红域股份币
87742f97,火牛视频
f0731f01,睿新策略
697a4ebb,睿新策略
1e7d7e2d,飞迟财富
8019eb8e,飞迟财富
f71edb18,飞迟财富;福汇;特惠赚
6e178aa2,FUCK
1910ba34,FUCK
89afa7a5,币赢网;日日赚
fea89733,日日赚;派派猪网贷
9e6f1ed6,派派猪网贷;易票宝
e9682e40,ACYSecurities
70617ffa,华亿信投
07664f6c,FUCK
9902dacf,诚者聚;新客兑;HTM商城
ee05ea59,FUCK
770cbbe3,FUCK
000b8b75,钱嗨团;嗨团
90b496e4,FUCK
e7b3a672,FUCK
b5424d15,同君财富
c2457d83,PTFX;易信;PTFX普顿;PTFX普顿外汇
5b4c2c39,SWIFT通讯;SWIFT
2c4b1caf,SWIFT
b22f890c,黄金原油
c528b99a,爱善贷
5c21e820,FUCK
2b26d8b6,FUCK
bb99c527,凤推传媒;环球金汇网
cc9ef5b1,FUCK
ac597c54,FUCK
db5e4cc2,FUCK
42571d78,FUCK
35502dee,花生日记;卡盟金服
ab34b84d,FUCK
dc3388db,农行;富瑞达
453ad961,小兔救急
323de9f7,FUCK
a282f466,FUCK
d585c4f0,艾特网
e318ea93,FUCK
941fda05,FUCK
0d168bbf,FUCK
7a11bb29,fxvgi
e4752e8a,FUCK
93721e1c,FUCK
0a7b4fa6,FUCK
7d7c7f30,玖富钱包;甲阳国际
edc362a1,FUCK
9ac45237,首汽约车;比特币;Plustoken
fa03dbd2,FUCK
8d04eb44,全民养鱼
140dbafe,FUCK
630a8a68,智鼎投资管理有限公司
fd6e1fcb,蜜蜂花园
8a692f5d,蜜蜂花园;展荣财富
13607ee7,鼎盛盈通贷你盈;贷你盈;芝麻宝金服
64674e71,FUCK
f4d853e0,云世纪;东霖国际集团
83df6376,上银中债;上银基金管理有限公司
d12e8811,上银基金管理有限公司;江苏大圆银泰贵金;江苏大圆银泰贵金属_江苏大圆银泰贵金属交易所
a629b887,FUCK
3f20e93d,宜泉资本;沃时贷;田金所
4827d9ab,芒果口袋
d6434c08,芒果口袋;智慧晶
a1447c9e,淘优乐;智慧晶
384d2d24,淘优乐;猫之链
4f4a1db2,Plustoken
dff50023,FUCK
a8f230b5,FUCK
c835b950,宝星环球投资
bf3289c6,蜜蜂花园;粉象生活
263bd87c,蜜蜂花园
513ce8ea,华登区块狗
cf587d49,FUCK
b85f4ddf,智慧晶
21561c65,吉悠
56512cf3,FUCK
c6ee3162,FUCK
b1e901f4,FUCK
4fada59f,FUCK
38aa9509,云世纪;云购
a1a3c4b3,吉吉商城;微交易
d6a4f425,FUCK
48c06186,FUCK
3fc75110,FUCK
a6ce00aa,股指期货
d1c9303c,FUCK
41762dad,FUCK
36711d3b,FUCK
56b694de,MchainGitHub;Mchain;比特币;空气币
21b1a448,山东再担保集团股份有限公司;Mchain
b8b8f5f2,FUCK
cfbfc564,兰洋投资
51db50c7,兰洋投资
26dc6051,FUCK
bfd531eb,香港世纪金业
c8d2017d,香港世纪金业
586d1cec,创客;BoxToken
2f6a2c7a,喆颢诺德;宜信喆颢资产管理公司;宜信财富;诺德基金;诺德;宜信喆颢与诺德;宜信诺德
86b645a0,诺德基金;艾尔链;宜信财富
f1b17536,皇御环球
68b8248c,皇御环球;微银金服
1fbf141a,FUCK
81db81b9,FUCK
f6dcb12f,百倍币;以太坊;比特币
6fd5e095,FUCK
18d2d003,诺德基金;诺德基金管理有限公司;科创板;诺德
886dcd92,诺德基金;Vpay
ff6afd04,VDS;华克金子链榴莲币;MBI
9fad74e1,双创在线;MBI
e8aa4477,双创在线
71a315cd,FUCK
06a4255b,hytfx新汇友通
98c0b0f8,鼎诚创投
efc7806e,鼎诚创投
76ced1d4,FUCK
01c9e142,FUCK
9176fcd3,农行;富瑞达
e671cc45,FUCK
b4802722,源中瑞科技
c38717b4,源中瑞科技;深圳源中瑞科技
5a8e460e,辰颐物语果园;辰颐物语
2d897698,睿新策略
b3ede33b,奇弘集团
c4ead3ad,钱嗨娱乐
5de38217,钱嗨娱乐
2ae4b281,清果普惠
ba5baf10,清果普惠
cd5c9f86,FUCK
ad9b1663,FUCK
da9c26f5,创客
4395774f,FUCK
349247d9,小鸟发财
aaf6d27a,小鸟发财
ddf1e2ec,聚汇天下
44f8b356,广富宝;米果理财;广富宝金服;陆金所
33ff83c0,FUCK
a3409e51,风雨无忧;趣花分期
d447aec7,OTM奥美外汇;风雨无忧
e2da80a4,睿新策略
95ddb032,FUCK
0cd4e188,赚赚熊
7bd3d11e,FUCK
e5b744bd,时空周转
92b0742b,时空周转
0bb92591,FUCK
7cbe1507,Tessline
ec010896,花生日记;卡盟金服
9b063800,FUCK
fbc1b1e5,青蚨资产;小豆钱包;中智魔方
8cc68173,青蚨资产;PPmoney;汇客通宝;水瑶黎在线
15cfd0c9,攀龙资产管理有限公司;个股期权
62c8e05f,个股期权
fcac75fc,攀龙资产管理有限公司;usg联准国际外汇
8bab456a,FUCK
12a214d0,usgfx
65a52446,汇新智配资;aetos
f51a39d7,长润影视
821d0941,AGK理财
d0ece226,AGK理财
a7ebd2b0,广州天河区大象健康科技有限公司
3ee2830a,广州天河区大象健康科技有限公司;期金管家
49e5b39c,FUCK
d781263f,向前金服;捷越联合
a08616a9,FUCK
398f4713,FUCK
4e887785,FUCK
de376a14,全民养鱼
a9305a82,宝石星球;元素
c9f7d367,宝石星球;印象口袋
bef0e3f1,印象口袋
27f9b24b,FUCK
50fe82dd,爱钱进;凡普金科
ce9a177e,FUCK
b99d27e8,FUCK
20947652,FUCK
579346c4,莱信
c72c5b55,雷达钱包
b02b6bc3,FUCK
4e6fcfa8,FUCK
3968ff3e,火币网
a061ae84,源中瑞科技
d7669e12,深圳源中瑞科技有限公司源中瑞科技
49020bb1,FUCK
3e053b27,ECO生态币
a70c6a9d,淘金网;反波胆淘金网;ECO生态币
d00b5a0b,反波胆淘金网;展荣财富;反波胆
40b4479a,空中比特币;比特币
37b3770c,全球看点
5774fee9,流量魔盒
2073ce7f,谱盛科技
b97a9fc5,KVB昆仑国际
ce7daf53,FUCK
50193af0,华泰证券;拉卡拉
271e0a66,爱善贷
be175bdc,快鸟金服
c9106b4a,新橙分期;新橙优品
59af76db,新橙分期;新橙优品
2ea8464d,vkmall
8dea029d,微信云交易;云交易;中金云交易;vkmall;优乐商城
faed320b,以太坊;东方资本BRC贝尔链;东方资本;贝尔链
63e463b1,汇新智配资
14e35327,汇新智配资;众生策略
8a87c684,FUCK
fd80f612,云端金融
6489a7a8,FUCK
138e973e,KVB昆仑国际
83318aaf,KVB昆仑国际
f436ba39,币达财富
94f133dc,FUCK
e3f6034a,素店
7aff52f0,素店
0df86266,FUCK
939cf7c5,卡维达卡维达
e49bc753,微多猫
7d9296e9,微多猫
0a95a67f,FUCK
9a2abbee,FUCK
ed2d8b78,汇新智配资
bfdc601f,FUCK
c8db5089,金秋财富
51d20133,广州尚洁科技有限公司
26d531a5,FUCK
b8b1a406,FUCK
cfb69490,FUCK
56bfc52a,星星贷;利利金服
21b8f5bc,FUCK
b107e82d,FUCK
c600d8bb,Unionbit币;比特币;牛多宝
a6c7515e,FUCK
d1c061c8,●WINBITEX云尊链;云尊链;云尊集团;云尊币;好省
48c93072,FUCK
3fce00e4,FUCK
a1aa9547,全民养鱼
d6ada5d1,莱茨狗;香港华尊融资担保有限公司;龙鼎在线;美银美林金融
4fa4f46b,FUCK
38a3c4fd,米奇生活
a81cd96c,空气币
df1be9fa,FUCK
e986c799,FUCK
9e81f70f,FUCK
0788a6b5,星星贷;拍拍贷;小牛在线
708f9623,FX福亚全球
eeeb0380,FUCK
99ec3316,FUCK
00e562ac,FUCK
77e2523a,爱暄堂
e75d4fab,布尔金融;爱暄堂;冠联投资家园
905a7f3d,FUCK
f09df6d8,启迪金服
879ac64e,百金贷
1e9397f4,河南南阳大宗
6994a762,亿汇;高盛国际;亿汇资产管理有限公司;GS高盛国际;众盈外汇资管
f7f032c1,FUCK
80f70257,杭州小桃微集网络科技有限公司
19fe53ed,杭州小桃微集网络科技有限公司
6ef9637b,FUCK
fe467eea,大胜理财;德福财富
89414e7c,天富宝贵金属平台
dbb0a51b,寰玥财富
acb7958d,FUCK
35bec437,FUCK
42b9f4a1,FUCK
dcdd6102,wotoken
abda5194,富时环球投资;富时环球;wotoken
32d3002e,FUCK
45d430b8,娃哈哈Vkmall;娃哈哈vkmall
d56b2d29,娃哈哈Vkmall;娃哈哈vkmall;AFMFX公司;AFMFX
a26c1dbf,AFMFX
c2ab945a,FUCK
b5aca4cc,FUCK
2ca5f576,谷品优选
5ba2c5e0,FUCK
c5c65043,FUCK
b2c160d5,平安普惠
2bc8316f,平安普惠
5ccf01f9,全球看点;GSB全球看点
cc701c68,FUCK
bb772cfe,云数贸联盟;五行币
45338895,四川在线
3234b803,FUCK
ab3de9b9,FUCK
dc3ad92f,大笨象商城;波场币
425e4c8c,波场币
35597c1a,FUCK
ac502da0,FUCK
db571d36,特惠赚
4be800a7,火萤棋牌
3cef3031,火萤棋牌
5c28b9d4,FUCK
2b2f8942,钻石分期
b226d8f8,巨石财富;巨石财富GGtrade
c521e86e,FUCK
5b457dcd,巨石财富;盼哒科技
2c424d5b,FUCK
b54b1ce1,FUCK
c24c2c77,FUCK
52f331e6,FUCK
25f40170,AGK理财拆分盘;AGK;AGK理财;MBI
8c2868aa,FUCK
fb2f583c,cfx圆汇
62260986,FUCK
15213910,FUCK
8b45acb3,FUCK
fc429c25,玖富钱包;甲阳国际
654bcd9f,爱汇宝
124cfd09,FUCK
82f3e098,FUCK
f5f4d00e,钱程无忧配资
953359eb,FUCK
e234697d,FUCK
7b3d38c7,北京丽泽金融
0c3a0851,惠头条
925e9df2,亦跑;全球看点;智慧晶;趣步
e559ad64,亦跑;全球看点;GLAFKS全球看点;趣步;全球看点gs
7c50fcde,FUCK
0b57cc48,FUCK
9be8d1d9,以太坊
ecefe14f,小趣宝藏小趣宝藏;小趣宝藏
be1e0a28,FUCK
c9193abe,佑宇金服;公信宝
50106b04,云南信托;诺亚财富;云南国际信托有限公司
27175b92,FUCK
b973ce31,比特币
ce74fea7,FUCK
577daf1d,FUCK
207a9f8b,鸽派商城;诺德外汇
b0c5821a,FUCK
c7c2b28c,FUCK
a7053b69,FUCK
d0020bff,艾特币
490b5a45,亿海智投
3e0c6ad3,HIIFX海汇国际;海汇
a068ff70,HIIFX海汇国际
d76fcfe6,狗狗币;朵色彩妆工厂
4e669e5c,狗狗币;逗趣微视
3961aeca,瑞郎币FRCoin
a9deb35b,FUCK
ded983cd,GBL;普银币普银币;普银币;大唐币;比特币;Superstarmedia创投有限公司;暗黑币
e844adae,创赢财富创赢财富;创赢财富
9f439d38,万氏国际;创赢财富
064acc82,FUCK
714dfc14,ETF;嘉实基金
ef2969b7,车邦贷;易通贷
982e5921,千米;千米币
0127089b,凤推传媒
7620380d,凤推传媒
e69f259c,简啦啦简啦啦;简啦啦;简啦啦生物科技有限公司
9198150a,FUCK
f15f9cef,FUCK
8658ac79,创富国际有限公司
1f51fdc3,腾邦投资;创富国际有限公司;腾邦现货;腾邦集团
6856cd55,FUCK
f63258f6,FUCK
81356860,FUCK
183c39da,FUCK
6f3b094c,华盛资本
ff8414dd,谱盛科技
8883244b,老虎财富;盾安;泓德基金
da72cf2c,淘钱宝
ad75ffba,爱乐在线
347cae00,爱乐在线;商机头条
437b9e96,商机头条;素店
dd1f0b35,素店
aa183ba3,Filecoin矿工;Filecoin;比特币;HT;Filecoin基金会
33116a19,汇付天下;收获宝
44165a8f,华夏云商;新客兑;收获宝
d4a9471e,汇新智配资
a3ae7788,莱茨狗
c369fe6d,莱茨狗
b46ecefb,凯富创通
2d679f41,创客;亦跑;趣步;链信;瑞景之家;5050;华夏云商;智慧晶
5a60afd7,FUCK
c4043a74,英皇金融国际;英皇国际金业
b3030ae2,火币
2a0a5b58,网商万宝;火币
5d0d6bce,华景无限逍遥卡
cdb2765f,华景无限逍遥卡;国泰君安
bab546c9,FUCK
44f1e2a2,FUCK
33f6d234,easymarkets;美易理财;鹏润金服;广东盈腾融资担保有限公司
aaff838e,芒果金融
ddf8b318,芒果金融
439c26bb,云联惠;人人公益;神店;天创息壤
349b162d,比特猪;神店;华登区块狗
ad924797,FUCK
da957701,FUCK
4a2a6a90,FUCK
3d2d5a06,FUCK
5dead3e3,easyforex;easyforex易信
2aede375,FUCK
b3e4b2cf,FUCK
c4e38259,FUCK
5a8717fa,上银基金管理有限公司
2d80276c,上银基金管理有限公司;深圳源中瑞科技
b48976d6,FUCK
c38e4640,源中瑞科技
53315bd1,FUCK
24366b47,FUCK
3b453440,爱汇宝
