id,unknownEntities
83dcefb7,时空周转
1ad5be0d,
6dd28e9b,
f3b61b38,
84b12bae,艾尔链
1db87a14,富民宝;定活宝
6abf4a82,
fa005713,微小宠
8d076785,鼎诚创投
a15d25e1,懒猪到家;康华生物;益爽;地平线;东方微银;BoxToken
d65a1577,fct领先外汇
4f5344cd,
3854745b,小桃微集
a630e1f8,奇牛国际
d137d16e,微交易;乾通国际;易趣商城
483e80d4,享车加油;联合能源控股
3f39b042,融创中国;融创
af86add3,雷昆债券通道;雷昆投资
d8819d45,
8a707622,芒果金融;利聚网;星火钱包
fd7746b4,好玩吧
647e170e,鼎诚创投
13792798,净网;广州尚洁科技有限公司;北京德势力
8d1db23b,EXPASSET;EXPASSET亚斯特
fa1a82ad,
6313d317,
1414e381,SmartGlobe;智慧地球
84abfe10,潜隆贷;金蛋理财;金蛋;诚乾贷
f3acce86,汇管家
936b4763,bitget
e46c77f5,黄金盛世;榴莲微视
7d65264f,喜配资;闻喜配资
0a6216d9,—A派空间;A派空间;a派空间;99快钱
9406837a,金源财富;财富牛;惠泽信托;海南大宗
e301b3ec,贵州黔中生态茶交易中心有限公司;黔中生态茶交易中心;星城小智;贵州省黔中生态茶交易中心有限公司
7a08e256,盈合凯祥;北京盈合凯祥
0d0fd2c0,
9db0cf51,空投;全球看点;易拉宝;趣步
eab7ffc7,云富合盈;光大云富
dc2ad1a4,
ab2de132,
3224b088,逸富国际期货;逸富国际
4523801e,
db4715bd,微享淘
ac40252b,猎云网
35497491,达世币;CITEX;以太坊
424e4407,子龙优选
d2f15996,极客修
a5f66900,
c531e0e5,
b236d073,币安;HKONGEX
2b3f81c9,hotforex热汇
5c38b15f,
c25c24fc,瑞景之家
b55b146a,
2c5245d0,忠汇国际
5b557546,台资味
cbea68d7,SVSFX
bced5841,
ee1cb326,TMTForex
991b83b0,香港富通保险
0012d20a,盈首AI
7715e29c,
e971773f,峥嵘财富
9e7647a9,
077f1613,
70782685,诺亚方舟;IGOFX;一盛金融;嘉丰瑞德
e0c73b14,    ;梵大创业;希卡贝尔
97c00b82,富途牛牛;富途
f7078267,
8000b2f1,比特狗
1909e34b,云尊集团;云尊
6e0ed3dd,汇新智;汇新智配资
f06a467e,易信金融;easyMarkets易信;易信
876d76e8,嘉联支付;立贷;立刷
1e642752,乾联国际;   乾联国际
696317c4,以太森林;以太树
f9dc0a55,
8edb3ac3,享骑电单车
709f9ea8,AGK拆分理财;金钥匙;AGK理财
0798ae3e,云吃货商城
9e91ff84,卡盟金服
e996cf12,首投理财
77f25ab1,
00f56a27,
99fc3b9d,
eefb0b0b,FXTM富拓;富拓外汇
7e44169a,全球看点
0943260c,微多猫
6984afe9,赶街
1e839f7f,
878acec5,
f08dfe53,仟人金服;融华信托;状元理财;亿盛宝;兔子金融;飞库投资
6ee96bf0,
19ee5b66,逗号智能
80e70adc,远大控股;东方银星
f7e03a4a,蜂涌理财
675f27db,
1058174d,拾贝投资;华润信托
237750ea,牧宝;牧宝理财
5470607c,
cd7931c6,华景无限逍遥卡;华景无限
ba7e0150,
241a94f3,Matrixport
531da465,陕西红杉投资管理有限公司;红杉财富
ca14f5df,
bd13c549,领投鸟
2dacd8d8,乾安投资
5aabe84e,
3a6c61ab,
4d6b513d,万通;万通融资
d4620087,华泰逸富国际期货
a3653011,顺支富
3d01a5b2,汇盈通
4a069524,弘华集团;弘华佛;弘华佛学院
d30fc49e,牛牛通宝; EXX 
a408f408,Coinbkb交易所
34b7e999,
43b0d90f,知识星球;诚汇通
11413268,
664602fe,畅由平台;畅由
ff4f5344,银码头;豹子贷;豆豆钱;百行征信;造艺科技
884863d2,USDCAD
162cf671,天汇金融
612bc6e7,鼎汇外汇
f822975d,Iotoken;Iotoken以太坊;阿尔法狗;一起赚;以太坊
8f25a7cb,英皇金融国际;英皇金融
1f9aba5a,
689d8acc,MoneyGram
085a0329,风雨无忧
7f5d33bf,宿爱方;宿爱
e6546205,
91535293,薪付宝
0f37c730,中网载线;商机头条
7830f7a6,试客小兵;蹦蹦网
e139a61c,不动网;章鱼哥
963e968a,银联云闪付;清果普惠
06818b1b,
7186bb8d,充裕未来;中金摩根
471b95ee,
301ca578,麻袋;麻袋财富
a915f4c2,镁客堂
de12c454,玩客币
407651f7,易信;easyMarkets易信
37716161,钱嗨娱乐
ae7830db,
d97f004d,币安
49c01ddc,
3ec72d4a,雀尚枝头;爱尚养猪
5e00a4af,全民养鱼
29079439,慧盈理财
b00ec583,小工匠;小工匠匠;汇品万货
c709f515,客福天下;客天下
596d60b6,
2e6a5020,恩圣威途径
b763019a,抹茶交易所;抹茶联合
c064310c,诺德基金
50db2c9d,比特狗;Bitdog比特狗
27dc1c0b,狸狸商城
752df76c,老虎外汇
022ac7fa,比特币;比特狗;比特狗BTGS币
9b239640,巨丰学苑;巨丰投顾
72403375,美罗国际
054703e3,
9c4e5259,京都世纪影视
eb4962cf,HiCoin;人人节点
7bf67f5e,艾特网能;艾特网
0cf14fc8,金大宝;金中宝
6c36c62d,世界金控
1b31f6bb,亿久商城
8238a701,元宝月月盈
f53f9797,宝星环球投资;宝星环球
6b5b0234,
1c5c32a2,
85556318,悦享京彩;太平人寿
f252538e,火影帮
62ed4e1f,德誉荣
15ea7e89,fxglk;ofxglk
ebaedae2,尧锦资金;尧锦智富
9ca9ea74,中胜恒基
05a0bbce,厦金中心;天安金交中心
72a78b58,
ecc31efb,小豹科技
9bc42e6d,ASIC;AFMFX;阿卡迪亚
02cd7fd7,
75ca4f41,百融云创
e57552d0,afmfx
92726246,小樱桃商城
f2b5eba3,ATSEX交易所
85b2db35,森林集市;以太森林;以太森林森林集市
1cbb8a8f,和趣步;闪步;凤推;凤推传媒
6bbcba19,上海福袋汇业
f5d82fba,以太坊;泰牛链
82df1f2c,瑞骏策略;优财
1bd64e96,尧锦智富
6cd17e00,挂挂赚
fc6e6391,lisinex;Lisinex;优财;Usoil
8b695307,鼎诚创投
2131eeb3,盐津铺子
5636de25,福莱币
cf3f8f9f,SBLOCK钱包;VV农场
b838bf09,太原云信金融外包服务有限公司;乐先花
265c2aaa,西部助贷网;西部助贷
515b1a3c,嗨学卓奥教育科技有限公司;北京弘毅创融投资管理有限公司;伦达石油化工交易所;宝益轩;汇通易贷;上海浩泽净水科技发展有限公司;大富源;佰花方;爱亲母婴;亿智蘑菇;淄博曙光;江苏高润资产管理有限公司
c8524b86,链克;玩客币
bf557b10,小金库;大通全球
2fea6681,汇投网
58ed5617,创世银库
382adff2,杨方配资
4f2def64,武汉第二世科技有限公司
d624bede,
a1238e48,趣渔乐;闪步
3f471beb,榴莲微视;逗趣微视;逗趣短视频
48402b7d,比特币
d1497ac7,花花借款
a64e4a51,每日一淘;每日优鲜
36f157c0,杜邦财富
41f66756,妮素国际;素店;盛世财团
13078c31,金谷影视;文语影投
6400bca7,轩鸿金融;轩鸿基金;轩鸿集团;轩鸿资本
fd09ed1d,臻牛所
8a0edd8b,波场币
146a4828,小蜜淘
636d78be,
fa642904,天宸投资
8d631992,
1ddc0403,VISA;玖富;玖富叮当贷
6adb3495,简七理财
0a1cbd70,普信;普信金服;普信资产
7d1b8de6,
e412dc5c,小米有品有鱼;小米有品
9315ecca,
0d717969,度王金服
7a7649ff,雨果网
e37f1845,天宸投资
947828d3,易通贷
04c73542,
73c005d4,中佳易购;六安事儿
455d2bb7,
325a1b21,宜信;喆颢资产;宜信财富;诺德基金;宜信诺德
ab534a9b,读秒金融;飞贷
dc547a0d,掌众金服
4230efae,九龙鼎在线;龙鼎在线
3537df38,
ac3e8e82,利辉财富;利辉乾财富;辉乾财富;乾财富
db39be14,智慧晶
4b86a385,高财生金服;掌悦理财;巨人理财;华夏万家金服
3c819313,比特币;迈阿币Mmcoin;迈阿币
5c461af6,腾邦现货
2b412a60,瑞郎币FRCoin
b2487bda,phibro
c54f4b4c,火趣小视频;火趣
2c2cee79,
b525bfc3,友信;友信一生
c2228f55,
529d92c4,
259aa252,惠己达人
776b4935,
006c79a3,同君财富
99652819,证金云交易;云交易;博林环球
ee62188f,票改商城;票改数字商城;票改
70068d2c,火币钱包;火币
0701bdba,币盈联盟
9e08ec00,文语影投
e90fdc96,豆包金服;金豆包
79b0c107,启信宝;Tokenstore;BossToken;PPT;比特币
0eb7f191,REC黄金树;爱彼家
6e707874,OTM奥美
197748e2,奇迹MIC互助;环球好货
807e1958,
f77929ce,
691dbc6d,未来的生活;联合币
1e1a8cfb,联合币
8713dd41,
f014edd7,
60abf046,国元信托;衡平信托;华润信托
17acc0d0,DUSD
e9e864bb,DEIC;BRDAS;以太坊
9eef542d,云尊链;WINBITEX; WINBITEX;云尊集团
07e60597,
70e13501,宜人金科;友信智投;友信
ee85a0a2,来分期;大众分期
99829034,智融财富;贝米钱包;金钱猫
008bc18e,颐和果园;辰颐物语
778cf118,钱爸爸;米咖理财;中金贷;金银猫
e733ec89,TeraFX
9034dc1f,
f0f355fa,玖富钱包
87f4656c,
1efd34d6,华林;侠客岛
69fa0440,Asiabrand
f79e91e3,
8099a175,必上交易所;众人帮
1990f0cf,鉅富金融;鼎汇
6e97c059,牧宝;牧宝理财
fe28ddc8,
892fed5e,融贝网
20f38484,四川润通;润通现货;四川润通商品现货市场有限公司;四川润通现货
57f4b412,乾易通
cefde5a8,养房星球;星域链
b9fad53e,天泽环球
279e409d,麦尔国际
5099700b,
c99021b1,
be971127,
2e280cb6,
592f3c20,恒丰配资
39e8b5c5,人人优选
4eef8553,先汇国际
d7e6d4e9,中联亿配
a0e1e47f,
3e8571dc,
4982414a,
d08b10f0,积木盒子;银多网
a78c2066,
37333df7,易生金服;海航凯撒旅游集团
40340d61,
12c5e606,5050;5050众筹
65c2d690,未来集市
fccb872a,桂花网
8bccb7bc,BHEC;币虎全球;币虎
15a8221f,点汇之钥
62af1289,中盈晟投资;中盈晟
fba64333,
8ca173a5,    ;河南南阳大宗;河南南阳大宗商品;南阳大宗
1c1e6e34,
6b195ea2,英雄链
0bded747,广州大象健康科技有限公司;健康猫
7cd9e7d1,Mchain币;Mchain
e5d0b66b,维客特
92d786fd,堡垒投资;Novogratz;比特币;以太坊
0cb3135e,
7bb423c8,春鸿果业
e2bd7272,英国zfx山海证券
95ba42e4,
05055f75,youbank
72026fe3,聚汇天下
449f4180,
33987116,葡萄助手
aa9120ac,诺德基金
dd96103a,
43f28599,
34f5b50f,中网载线;商机头条
adfce4b5,斐讯商城
dafbd423,海兵淘宝
4a44c9b2,帮芒拼
3d43f924,水象分期
5d8470c1,中赁投资管理有限公司;中赁投资
2a834057,
b38a11ed,全民推
c48d217b,世纪金业
5ae9b4d8,咸鱼妹
2dee844e,悟空钱包
b4e7d5f4,CHP城市猎人;融金所;城市猎人
c3e0e562,
535ff8f3,
2458c865,
76a92302,有信钱包
01ae1394,呦蓝全网;大江生医
98a7422e,
efa072b8,
71c4e71b,IGOFX;海贝国际;隆鑫HT
06c3d78d,智慧晶
9fca8637,海岛矿工
e8cdb6a1,IEXOTC
7872ab30,淄博专业联盟
0f759ba6,维仕担保
6fb21243,快鸟金服;快鸟贷款;快鸟;云白条
18b522d5,随时约
81bc736f,奇牛国际
f6bb43f9,
68dfd65a,
1fd8e6cc,爱荐宝;爱建证券
86d1b776,Wpay;wpay
f1d687e0,APP;华开金控;蜜葡萄
61699a71,
166eaae7,和基外汇
e82a0e8c,
9f2d3e1a,拾贝投资;华润信托
06246fa0,常德市立信投资管理有限公司;湖南坤海新能源投资管理有限公司
71235f36,翼龙贷;雅堂金融;领投鸟;捷信;君来投
ef47ca95,同创期权
9840fa03,温州华行投资管理有限公司;中通巨龙
0149abb9,玖富;悟空理财
764e9b2f,新华世纪金融;华华惠满家
e6f186be,聚汇天下;云集品;云惠联;利利购;天华创客购;螃蟹云购
91f6b628,快鹿投资;快鹿
f1313fcd,
86360f5b,世舟之家
1f3f5ee1,多米金融;天天利财
68386e77,exp;币安
f65cfbd4,都优乐
815bcb42,中仁财富;乐投天下;酷盈网
18529af8,喜牛
6f55aa6e,全返商城;销巴生活
ffeab7ff,大象国际
88ed8769,商鼎联创
25bc9201,小花年代
52bba297,河南南阳大宗商品
cbb2f32d,昆山摩尔投资管理有限公司
bcb5c3bb,
22d15618,
55d6668e,DEM德曼资本
ccdf3734,
bbd807a2,ALB拆分盘
2b671a33,
5c602aa5,iPhone8;吉丰金服;辣条搬砖
3ca7a340,悟空理财;玖富集团;ZUSD;ZOS;汇通天下;ZOS金融公链;Ripple
4ba093d6,
d2a9c26c,比特易;比特币
a5aef2fa,育儿无忧;一米世界;未来集市
3bca6759,顺心花花
4ccd57cf,爱打卡
d5c40675,
a2c336e3,商机头条
327c2b72,华霖金服
457b1be4,
178af083,7号网
608dc015,新沃投资;文勤资本
f98491af,趣享付
8e83a139,
10e7349a,A派空间
67e0040c,巴中人才招聘网
fee955b6,小米有品有鱼;有品有鱼;全网影视
89ee6520,盈宝通
195178b1,拾贝投资;华润信托
6e564827,点点啦
0e91c1c2,
7996f154,杭州智品文化创意有限公司;云集品;环球捕手;炜宝;万色城
e09fa0ee,赶街;叁赶街
97989078,
09fc05db,付融宝
7efb354d,IPFS;Filecoin;IPFS&Filecoin
e7f264f7,今日币
90f55461,加多宝;链链金融;家多宝;链家理财;爱上街
004a49f0,雷昆通道
774d7966,天鼎证券
41d05705,
36d76793,
afde3629,
d8d906bf,
46bd931c,光大证券;云富合盈;光大云富;光大云付;光大资管
31baa38a,乐趣来;易生金服;琥珀金融
a8b3f230,Gojoy;Gojoy商城
dfb4c2a6,赚赚熊
4f0bdf37,
380cefa1,
58cb6644,Vpay
2fcc56d2,雍铄金融;津融所;泰多米;丰储宝;中潮金服;金佳金融;金盈所;鑫合汇
b6c50768,
c1c237fe,ADC
5fa6a25d,莱特猫;华登区块狗
28a192cb,众人帮;赏多宝
b1a8c371,钻石分期
c6aff3e7,火萤棋牌
5610ee76,比特币
2117dee0,卡盟金服
73e63587,DUSD;TrustEx
04e10511,青蚨在线;国储华泰;壹佰金融
9de854ab,手机宝
eaef643d,联合币
748bf19e,平安普惠;平安普惠金融
038cc108,喜牛
9a8590b2,
ed82a024,
7d3dbdb5,维信小贷;维信理财;亿欧;维信金科
0a3a8d23,云尊链;WINBITEX;云尊币;winbitex
6afd04c6,
1dfa3450,微多猫
84f365ea,4 Filecoin;IPFS;中科星际;IPFS星际矿机;Filecoin
f3f4557c,云集;思埠集团;拼多多;拍拍赚;未来集市;APP
6d90c0df,长亚集团
1a97f049,试客小兵
839ea1f3,蔚蓝生物;个股期权;中信华睿
f4999165,创财富;英皇宝
64268cf4,惠己达人
1321bc62,
ed651809,无限丰收;vv农场钱包;VV农场
9a62289f,TST庭生活馆
036b7925,比特币;﻿　　GEC;GEC;GEC币
746c49b3,德众金融;储信理财
ea08dc10,太阳神
9d0fec86,瑞波币
0406bd3c,
73018daa,OMEGA欧美加;OMEGA欧美加欧密加;欧美加;OMEGA
e3be903b,小豹科技
94b9a0ad,兴亚币;兴亚币网
f47e2948,富鑫策略
837919de,未来集市
1a704864,上海福袋汇业
6d7778f2,萨摩耶金服
f313ed51,
8414ddc7,银多利;东方银谷
1d1d8c7d,智慧晶;AIL智能链;CBT;趣步;ATC艾特币
6a1abceb,榴莲微视
faa5a17a,聚亦
8da291ec,PPmoney万惠;PPmoney;PPmoney网贷;拍拍贷
247ef836,聚宝普惠;聚宝匯;员工宝;聚宝;聚宝汇
5379c8a0,长城通宝
ca70991a,多米金融;e贷51;万顺网
bd77a98c,
23133c2f,CCRT
54140cb9,
cd1d5d03,邦君悠购;猎金影视
ba1a6d95,妮素国际;素店
2aa57004,YBT;币通天下;YouBank
5da24092,亿海智投;亿海配资;天智投
3d65c977,和基外汇
4a62f9e1,微小宠
d36ba85b,IEXOTC
a46c98cd,
3a080d6e,友信;友信一生
4d0f3df8,WoToken
d4066c42,得来惠
a3015cd4,以太坊
33be4145,联合币
44b971d3,铂诺财富
16489ab4,红豆卡;杨梅白卡
614faa22,
f846fb98,狗狗币;比特狗
8f41cb0e,YOUBANK
11255ead,先汇国际
66226e3b,
ff2b3f81,佰益汇
882c0f17,
18931286,京开创投
6f942210,IIIBTC;IIIBTC交易所;艾比特
0f53abf5,亿高金业
78549b63,美物说
e15dcad9,草根投资;中融民信;慧融财富;金猫在线;民信贷
965afa4f,乐酿宝
083e6fec,云联商城;云联惠
7f395f7a,金猪管家
e6300ec0,金美信;漫道金服;美易理财;国美金融
91373e56,收获宝
018823c7,OGH
768f1351,
40123d32,微额快贷;掌众金服
37150da4,兴业证券;新城控股;东方天玑;国泰君安
ae1c5c1e,瑞波币;瑞波plus交易所
d91b6c88,微交易;富利环球
477ff92b,恒信环球投资
3078c9bd,
a9719807,以太坊
de76a891,猫得住
4ec9b500,hadax
39ce8596,红金所
59090c73,
2e0e3ce5,拍拍乐
b7076d5f,火星钱包
c0005dc9,京贷金服
5e64c86a,
2963f8fc,鼎邦集团;吉林鼎邦资产管理有限公司
b06aa946,小豹科技
c76d99d0,盐津铺子
57d28441,华安策略
20d5b4d7,
72245fb0,英皇金融
05236f26,比特币;PlusToken;波场超级社区
9c2a3e9c,
eb2d0e0a,善商贷;中盈善贷;爱善贷
75499ba9,
024eab3f,宝星环球投资
9b47fa85,AAAFx
ec40ca13,恋指团
7cffd782,平安普惠;平安信托
0bf8e714,NOS
6b3f6ef1,
1c385e67,翼龙贷;钱牛牛;惠金贷;爱钱进
85310fdd,云达互助;云达互助系统
f2363f4b,大通全球
6c52aae8,未来网
1b559a7e,加密工厂;利特币
825ccbc4,
f55bfb52,悦拜;悦优惠券
65e4e6c3,尧锦智富
12e3d655,
eca7723e,
9ba042a8,
02a91312,币贝
75ae2384,中民集团
ebcab627,钱方好近;钱方
9ccd86b1,嘟嘟生活
05c4d70b,万权创服
72c3e79d,海悦家;东方银座
e27cfa0c,每日拼拼;每日一淘;每日优鲜
957bca9a,e租宝
f5bc437f,　　GEC币;以太坊;瑞波币;GEC;比特币;绿动地球;GEC币
82bb73e9,
1bb22253,
6cb512c5,浙江得燕控股有限公司
f2d18766,清宴宝
85d6b7f0,
1cdfe64a,反波胆
6bd8d6dc,乾联国际
fb67cb4d,好友宝
8c60fbdb,先汇国际
2638466f,杨方配资;杨方股票配资公司
513f76f9,钱包侠
c8362743,‘GEC环保币
bf3117d5,乾润华创
21558276,鸿昇国际;鸿昇德指
5652b2e0,维易;盛赢期服;个股期权
cf5be35a,畅由
b85cd3cc,万豪金业;  　万豪金业
28e3ce5d,淘领地
5fe4fecb,
3f23772e,
482447b8,时视影业;投联影
d12d1602,
a62a2694,送贝商城;悦天使
384eb337,惠己达人
4f4983a1,币果理财
d640d21b,
a147e28d,虎符钱包;Algorand
31f8ff1c,林总带;创盈智投;汇丰联合
46ffcf8a,铁鹰联盟;富利环球
140e24ed,金源财富
6309147b,拉卡盟;卡盟金服;神卡盟
fa0045c1,
8d077557,添益宝;翼支付
1363e0f4,多啦理财;多啦聚财;多啦理财财;嘉银普惠
6464d062,恒信环球投资
fd6d81d8,雨果网
8a6ab14e,
1ad5acdf,爱汇客
6dd29c49,长亚集团
0d1515ac,
7a12253a,
e31b7480,
941c4416,博创兴业
0a78d1b5,恒丰配资
7d7fe123,汇信
e476b099,亿久商城
9371800f,拍拍贷;汇中投资;友金所骗;友金所;晁福贷
03ce9d9e,趣渔乐;趣步
74c9ad08,Snrcfx鼎汇
4254836b,PPmoney;PPmoney网贷
3553b3fd,比特币;TradeMax
ac5ae247,宝缘投资;宝缘;靖江联宝;欧年宝;联宝
db5dd2d1,礼品策
45394772,易宝支付
323e77e4,希卡贝尔;梵大新
ab37265e,爱转机;有脉金控;日进斗金
dc3016c8,
4c8f0b59,小豹科技
3b883bcf,英皇金融国际
5b4fb22a,万诺投资;香港友邦
2c4882bc,
b541d306,万宝路;布雷顿森林;漂亮50
c246e390,AGK
5c227633,大圆银泰
2b2546a5,
b22c171f,钱嗨娱乐
c52b2789,创客
55943a18,诺德基金;宜信财富;喆颢诺德;宜信惠民
22930a8e,有融网;易麦理财;聚友创投;节节贷
7062e1e9,璀璨控股
0765d17f,
9e6c80c5,币骑士;CITEX百倍币;大C网;CITEX交易所
e96bb053,世纪金业;世纪集团金业
770f25f0,玖富
00081566,
990144dc,KVB昆仑国际
ee06744a,章鱼哥
7eb969db,洛克国际;莱特国际
09be594d,TERA
6979d0a8,管家帮
1e7ee03e,理想宝
8777b184,天拓国际
f0708112,度王金服
6e1414b1,
19132427,简啦啦
801a759d,宗客网
f71d450b,
67a2589a,老虎汇
10a5680c,影力所;wotoken;全民交易所
eee1cc67,比特未来外汇
99e6fcf1,广州煤登贸易有限公司;易信;中北选买
00efad4b,麦点商城;腾讯王卡;应用宝;麦店商城;王卡助手
77e89ddd,我赚客;霸屏天下;麦小贱
e98c087e,
9e8b38e8,伊思多尔
07826952,奇牛国际
708559c4,谋成创汇
e03a4455,蓝莓花花
973d74c3,Matrixport
f7fafd26,多米金融
80fdcdb0,佳莱;佳莱科技;MGCToken
19f49c0a,衫客
6ef3ac9c,
f097393f,荔枝山庄农场;荔枝山庄
879009a9,远特喜牛;喜牛
1e995813,
699e6885,
f9217514,
8e264582,富喜智服
27fa2c58,利多资本;TTEX天天交易所;TTEX
50fd1cce,鼎汇金融
c9f44d74,文汇阁
bef37de2,美豹金融;以太坊
2097e841,牧宝;牧宝理财
5790d8d7,海航聚宝汇;员工宝;聚宝汇
ce99896d,全民推
b99eb9fb,呼呼出行
2921a46a,华泰逸富国际期货
5e2694fc,途家
3ee11d19,网利宝;小赢理财
49e62d8f,手机宝
d0ef7c35,filcoin
a7e84ca3,全球看点
398cd900,
4e8be996,
d782b82c,
a08588ba,周转信箱
303a952b,
473da5bd,北方信托
15cc4eda,
62cb7e4c,比特币;联合币
fbc22ff6,
8cc51f60,润通现货;润通;润通现货市场;润通现货交易盘;润通商城;四川润通现货交易市场;可润通
12a18ac3,恩圣威微交易
65a6ba55,团贷网;爱投资;融牛在线;融牛之家
fcafebef,Vpay;Vpay钱包
8ba8db79,福建元昇工程项目管理有限公司;福建博邦建设工程有限公司;福建凯裕建设有限公司
1b17c6e8,
6c10f67e,亿品赞;亿品赞拍;亿品
0cd77f9b,小诸葛金服
7bd04f0d,盐津铺子
e2d91eb7,辰麟宝
95de2e21,郑州众赢集团咨询管理有限公司;信息流;玖富钱包;玖富
0bbabb82,必赢集团
7cbd8b14,中能国际
e5b4daae,车享豆;车享魔方;车享链
92b3ea38,惠富天下
020cf7a9,布尔金融
750bc73f,gmg外汇
4396e95c,春鸿果业
3491d9ca,华宸未来;天天基金
ad988870,比特币;迈阿币Mmcoin;迈阿币
da9fb8e6,
44fb2d45,瑞景之家
33fc1dd3,新橙优品
aaf54c69,
ddf27cff,正亚集团;火币
4d4d616e,新沃投资;文勤资本
3a4a51f8,BFC区块链
5a8dd81d,
2d8ae88b,章鱼哥
b483b931,谋成创汇
c38489a7,小米有品有鱼;有品有鱼
5de01c04,玩客币
2ae72c92,广州泽辉网络科技有限公司;全民影视;盈联影视
b3ee7d28,VKMALL
c4e94dbe,
5456502f,资邦财富;资邦金服;唐小僧理财;萧山房产
235160b9,车融宝
71a08bde,芝麻分;玖富叮当贷;小鲨易贷;好期贷
06a7bb48,
9faeeaf2,奉恩之家
e8a9da64,秒钱理财
76cd4fc7,顺支富
01ca7f51,维堡天善
98c32eeb,Gaiachain;盖娅链;以太坊
efc41e7d,融创;新湖中宝;融金壹号;融创中国
7f7b03ec,
087c337a,我要战大圣
68bbba9f,
1fbc8a09,
86b5dbb3,谋成创汇
f1b2eb25,布尔金融
6fd67e86,
18d14e10,
81d81faa,聚合钱包
f6df2f3c,通金所
666032ad,百益策略;众昇策略;汇丰联合;金源国际;权策财经;华安策略
1167023b,盐津铺子
ef23a650,做喜团;作喜团;喜团
982496c6,Chainbook
012dc77c,创客亿家
762af7ea,诺德基金
e84e6249,手机宝
9f4952df,TMS
06400365,火币网
714733f3,金吉利宝
e1f82e62,雀尚枝头
96ff1ef4,比特币;NBO新比特币
f6389711,
813fa787,
1836f63d,北京龙昕经济信息咨询有限公司;农信商贷;君德嘉信;苏州古缔贸易有限公司;一米融金
6f31c6ab,
f1555308,领航金融
8652639e,
1f5b3224,龙虾发财
685c02b2,幸运十二生肖
f8e31f23,汇泰在线
8fe42fb5,中聚明投平台
2ca66b65,FRCoin
5ba15bf3,
c2a80a49,期金管家;Vegard
b5af3adf,聚小店;聚小溪;小溪;小溪省钱
2bcbaf7c,快贷贷款;真好花;随心贷;极速贷款;叮当贷;新浪有借
5ccc9fea,东兴金服
c5c5ce50,爱钱进;翼龙贷;丰收互联;全民养牛;任性贷;麻袋财富
b2c2fec6,
227de357,鲜生友;鲜生友请;永辉超市
557ad3c1,
35bd5a24,
42ba6ab2,
dbb33b08,富格林
acb40b9e,金宝通;广西凯降安宇矿业投资有限公司
32d09e3d,中瑞财讯
45d7aeab,
dcdeff11,挂挂赚
abd9cf87,
3b66d216,如意鸡330农场
4c61e280,维客特
1e9009e7,金牛逸富;金信管家;信管家
69973971,
f09e68cb,先汇国际外汇
8799585d,凡通影业;易信;蜗牛动力
19fdcdfe,成都市瑞志企业管理咨询有限公司
6efafd68,
f7f3acd2,吉悠
80f49c44,水象分期
104b81d5,小趣宝藏;友派视频;众人帮;闪电盒子;火牛视频;阅非商城
674cb143,西部大宗;速威集团;ETOmarkets;盈信国际;中融国际;震泰国际
078b38a6,vkmall
708c0830,
e985598a,
9e82691c,创世金库
00e6fcbf,金帛投资
77e1cc29,托富链;TFC托富链
eee89d93,喜团;喜团网
99efad05,IPFS;Filecoin
0950b094,美酷家;金牛美酷鑫牛科技有限公司
7e578002,芒果大V
48caae61,
3fcd9ef7,米袋理财;米袋
a6c4cf4d,周转宝盒
d1c3ffdb,
4fa76a78,微小宠
38a05aee,礼赞;礼赞商城;柏悦数码
a1a90b54,每日一淘;云集微店
d6ae3bc2,牧宝;牧宝理财
46112653,众人帮
311616c5,以太坊
51d19f20,aet外汇
26d6afb6,手机宝
bfdffe0c,中盈晟投资
c8d8ce9a,
56bc5b39,融股通;优财;众汇;金赢策略
21bb6baf,壹彤地产
b8b23a15,
cfb50a83,
5f0a1712,全球看点;爱打卡
280d2784,多啦理财;多啦聚财;多啦理财财;嘉银普惠
7afccce3,斯安尔环球
0dfbfc75,YouBank数字银行
94f2adcf,安凯国际
e3f59d59,比特狗
7d9108fa,你我贷;钱来也
0a96386c,火币交易所;腾展科技
939f69d6,ZOS;Graphene;百倍币;以太坊
e4985940,SPDR黄金ETF;英皇宝
742744d1,点点下;月月救急
03207447,微多猫
63e7fda2,恒丰配资
14e0cd34,创收宝;拓展宝
8de99c8e,北商所;金盛微交易;上海黄金交易所;—添富宝;微交易;北京大宗商品交易所
faeeac18,
648a39bb,红豆卡
138d092d,西安丝路金融资产交易中心有限公司;丝路金交
8a845897,万商惠
fd836801,嘉信期货
6d3c7590,景鸿环球集团;景鸿置业;景鸿;景鸿集团;希有生活
1a3b4506,安惠财富;安惠生物;安惠微店;安惠
e47fe16d,嗨团;嗨团团购
9378d1fb,
0a718041,
7d76b0d7,国远资产
e3122574,
941515e2,蚌埠投资集团;网盛;生意宝
0d1c4458,
7a1b74ce,鼎诚创投
eaa4695f,蒙顶山茶交所;茶交所
9da359c9,友信证券;友信金服;友信智投
fd64d02c,
8a63e0ba,
136ab100,
646d8196,网盛生意宝;生意宝
fa091435,意诺互联;AGK
8d0e24a3,
14077519,渝农商金租
6300458f,钱嗨娱乐
f3bf581e,普银币;趣钱网
84b86888,
2d640152,SOXEX;Binance;四川润通现货;波场超级社区
5a6331c4,速汇国际;SpeedTrad
c36a607e,萌娃奶爸;友谊软装
b46d50e8,硕威投资
2a09c54b,钱包侠
5d0ef5dd,广西凯降安宇矿业投资有公司
c407a467,巨牛盈;永利配资;财富牛
b30094f1,致享融
23bf8960,创世银库
54b8b9f6,
347f3013,快鸟金服;快鸟贷款;快鸟;云白条
43780085,水象分期;缘起钱包
da71513f,
ad7661a9,聚合钱包
3312f40a,小米有品有鱼
4415c49c,富途
dd1c9526,
aa1ba5b0,名扬策略;名扬配资
3aa4b821,
4da388b7,
1f5263d0,
68555346,
f15c02fc,蚂蚁矿场
865b326a,小赢钱包;焱丰金服;雅堂;上海存德投资管理有限公司;corrionefx;腾邦国际;口袋理财;腾邦创投;存德投资管理有限公司;银谷财富;元太金服
183fa7c9,朵朵街
6f38975f,wotoken;DDB钱包;以太坊
f631c6e5,玛伊惠;玛伊微享淘;玛伊国际;微享淘;玛伊
8136f673,
1189ebe2,手机宝
668edb74,NOS
06495291,钱生钱;俞丰财富
714e6207,全网乐购
e84733bd,麻麻购
9f40032b,收获宝
01249688,
7623a61e,金斧子
ef2af7a4,杭州金盒子;金盒子金融;金盒子
982dc732,FargoFina富豪资本;外汇天眼;高盛国际;富豪资本
0892daa3,易通创客趣步
7f95ea35,鑫东投资
4908c456,智慧商城
3e0ff4c0,聚电智能
a706a57a,必付宝
d00195ec,环球金融;TF环球金融
4e65004f,流量魔盒;万福币;SQL;SQL数据链
396230d9,密安链;银湖网;利魔方;密安币;VV农场;　　VV农场; VV农场
a06b6163,玖富;悟空理财
d76c51f5,河南鑫语电子科技有限公司;心语通讯
47d34c64,翼龙贷
30d47cf2,米庄理财
5013f517,股亿讯
2714c581,诺亚财富
be1d943b,好省
c91aa4ad,
577e310e,Brampton
20790198,南京雪糕网络科技有限公司;北京畅聊天下科技股份有限公司
b9705022,远特时空;喜牛
ce7760b4,玖富钱包;玖富;玖富数科
5ec87d25,山东必普
29cf4db3,泛交所;泛亚交易
7b3ea6d4,
0c399642,蹦蹦网
9530c7f8,火石宝城;安徽恒峰投资公司;深圳佰仟金融服务有限公司;安徽恒峰投资有限公司;懒财金服
e237f76e,宜人贷;融牛在线
7c5362cd,微信跑分
0b54525b,鹏华全球
925d03e1,     米奥;iotoken
e55a3377,宏图富邦;丰合投资;veesar;云联惠
75e52ee6,
02e21e70,九药网;汇投网;金羊金服
62259795,锅巴土豆;土豆驾到
1522a703,富格林投资
8c2bf6b9,
fb2cc62f,青岛兴长源大数据科技有限公司;慧民大众;亚泰坊
6548538c,御和宏;富宏国际
124f631a,
8b4632a0,雷达钱包;雷达币
fc410236,房多多;比特币;中鼎金服;中鼎国服;和平影视
6cfe1fa7,万豪金业;永州万豪金业;国亨公司
1bf92f31,拖富链;托富链;TFC托富链
e5bd8b5a,
92babbcc,共赢资讯
0bb3ea76,
7cb4dae0,喜团
e2d04f43,杨梅白卡贷款;杨梅白卡
95d77fd5,光大证券;云富合盈;光大云富;光大云付;光大资管
0cde2e6f,飞贷;ARISTA
7bd91ef9,天坛生物;名扬策略;宏信财富
eb660368,云尊链;WINBITEX
9c6133fe,速途网
fca6ba1b,广州尚洁科技有限公司;德势力
8ba18a8d,
12a8db37,美酷;美酷家;美酷国际;成都国酷龙达科技有限公司
65afeba1,无限模式;创世大发
fbcb7e02,蓝莓花花
8ccc4e94,欧达币
15c51f2e,有信钱包
62c22fb8,MBI;盘界币圈
f27d3229,
857a02bf,Jojomarkets;jojomarkets
b427a317,比特币;TradeMax
c3209381,指尖宝
5a29c23b,币全币
2d2ef2ad,GoldenPacer;优信
b34a670e,朵朵街
c44d5798,来集市;未来集市
5d440622,小豹科技
2a4336b4,高柏资本
bafc2b25,幸运28;豆豆网
cdfb1bb3,金殿环球;TFX普顿
ad3c9256,维堡天善
da3ba2c0,EXPASSET
4332f37a,享链
3435c3ec,乾包网;民宝贷;保澜贷
aa51564f,畅由
dd5666d9,TOPOLOGY
445f3763,朵朵街
335807f5,PTFX普顿;SOXEX;GCG钜富;鉅富金融;波场超级社区;香港钜富金融;钜富金融
a3e71a64,NordFX诺德
d4e02af2,加油宝
8611c195,小趣宝藏
f116f103,
681fa0b9,鑫东投资
1f18902f,
817c058c,快生钱;鳄鱼金融
f67b351a,淘气购
6f7264a0,
18755436,
88ca49a7,夸克连链信;　克链信;夸克链;链信;夸克链信
ffcd7931,
9f0af0d4,乾联国际
e80dc042,环球之音
710491f8,粤嘉基金;易派支付;HuobiPrime;蛙趣;鬼才信;火币;Epay;万通万通
0603a16e,
986734cd,全球看点;趣步智慧晶;GBS;空投;趣步;易拉宝
ef60045b,卓德外汇
766955e1,易到用车
016e6577,中联亿配
91d178e6,快鹿集团;东融在线;东虹桥金融在线;金鹿理财;趣豆理财;快鹿;东影宝
e6d64870,豹付支付;豹付
d04b6613,天源汇
a74c5685,恋指团
3e45073f,掌众金服
494237a9,佑佑宝贝;cambridgeassociates;宝宝树;双湖资本
d726a20a,
a021929c,金秋财富
3928c326,极星金融;aeforex极星金融
4e2ff3b0,
de90ee21,万豪金业
a997deb7,
c9505752,蚂蚁币;九霄商城;蚂蚁淘金
be5767c4,飞象网;in有
275e367e,厚福无疆
505906e8,小猫来财
ce3d934b,派派猪;易票宝;派派猪网贷
b93aa3dd,
2033f267,莱汇币;万福币;维卡币
5734c2f1,以太坊
c78bdf60,飞迟财富
b08ceff6,
e27d0491,好玩吧
957a3407,今有米
0c7365bd,岁越之家
7b74552b,亦跑
e510c088,ADC;优客
9217f01e,
0b1ea1a4,好玩吧
7c199132,AILIZHE
eca68ca3,粉涩商城;粉涩
9ba1bc35,水滴金融;大管家;水滴管家;小水滴
fb6635d0,菜理财;资邦金服;生菜金融;拍拍贷;保必贷
8c610546,随时约
156854fc,
626f646a,神州长城;神州国际;兴业信托
fc0bf1c9,MBI;华克金
8b0cc15f,恒秀创投
120590e5,九龙鼎在线;龙鼎在线
6502a073,
f5bdbde2,
82ba8d74,盈合凯祥
7cfe291f,
0bf91989,安利微购;安利微商
92f04833,风雨无忧
e5f778a5,世纪金业
7b93ed06,天空之城;宿爱
0c94dd90,企叮咚;道企叮咚
959d8c2a,比特狗
e29abcbc,SuperToken钱包;SuperToken;SuperToken;Spor币;超级钱包
7225a12d,小米有品
052291bb,展荣财富
65e5185e,
12e228c8,百瑞赢
8beb7972,GoldenPacer;雷帝触网;优信
fcec49e4,随时约
6288dc47,广州泽辉网络科技有限公司;全民影视;盈联影视
158fecd1,焕商
8c86bd6b,汇联智投;汇联金融
fb818dfd,
6b3e906c,SKY蓝天国际
1c39a0fa,XRP　　;币盛汇
b5e5c920,试客小兵
c2e2f9b6,Vpay;隆鑫生态果园;阿Q庄园
5beba80c,顺心花花
2cec989a,天裕金宝
b2880d39,掌上拍
c58f3daf,鼎展国际;百华环球;COGENTENERGY;星辉国际;美银金融;香港恒利金业;盈茀国际;星石资本
5c866c15,喜牛
2b815c83,鑫羡资产;牛钱网
bb3e4112,人人影
cc397184,瑞景之家
acfef861,爱客金融
dbf9c8f7,以太坊
42f0994d,光大分利宝;新联在;车丰汇;新联;光大集团;金银猫
35f7a9db,e抵快贷
ab933c78,奥美;OTM奥美
dc940cee,火币钱包;火币
459d5d54,地球币;比特时代;Earthcoin
329a6dc2,双湖资本
a2257053,牛掌柜;BT比特国际
d52240c5,小凡人
87d3aba2,金鼠贷;镐丰资产;板凳理财;金羊金服
f0d49b34,
69ddca8e,禦和弘
1edafa18,轩鸿置业;轩鸿金融;轩鸿大冲;轩鸿集团;轩鸿控股;轩鸿基金
80be6fbb,巨石财富
f7b95f2d,火币钱包
6eb00e97,挂挂赚
19b73e01,
89082390,吉祥兔子;吉祥兔
fe0f1306,Gojoy商城;JOY币
9ec89ae3,瑞景之家
e9cfaa75,卓德外汇
70c6fbcf,
07c1cb59,
99a55efa,
eea26e6c,创金合信;天天基金
77ab3fd6,联贝德;以太坊
00ac0f40,微多猫
901312d1,
e7142247,天裕泓盛
d1890c24,
a68e3cb2,
3f876d08,德聚理财
48805d9e,
d6e4c83d,
a1e3f8ab,游资通
38eaa911,
4fed9987,麦穗金服;苏航贷;智融会;钦和投资;耀光辉商贸
df528416,上海福袋汇业
a855b480,dcofx
c8923d65,FAC;以太坊;FAC时尚币;FAC百倍币;FAC时尚链;以太币
bf950df3,凯顿;凯顿投资
269c5c49,邦富在线
519b6cdf,融合网;奉恩之家
cffff97c,创收宝;拓展宝
b8f8c9ea,银利宝;银米金服;信融宝;中国之信;米融宝;米金社;之信控股;浙江之信;国瀚金控;米速融;资本桥;宏峰太平洋;之信集团;杭州鸿泰;鸿泰基金;之信;浙江之信控股集团有限公司
21f19850,妙月百度
56f6a8c6,微多猫
c649b557,
b14e85c1,汇信
e3bf6ea6,
94b85e30,
0db10f8a,牛牛通宝;SSC共享生态圈;共享眼镜;小蜜单车;SSC
7ab63f1c,
e4d2aabf,币盈联盟;微投资
93d59a29,亿品赞
0adccb93,TradeMax外汇;TradeMax外汇平台;TradeMax
7ddbfb05,可易金融;爱钱进;小宝金服;印子坊;春天金融;盈泰联合
ed64e694,
9a63d602,51赚呗;悠悠
faa45fe7,妙月百度;妙月
8da36f71,洛克币
14aa3ecb,维客特
63ad0e5d,乾润华创金融;乾润华创;乾润华;华创新零售
fdc99bfe,嘉盛外汇
8aceab68,蜜芽宝贝;梦梦招商
13c7fad2,亦跑
64c0ca44,中龙创想
f47fd7d5,富瑞达
8378e743,趣渔乐;趣鱼乐
7d3c4328,GTC点金理财;GTC点金
0a3b73be,
93322204,蜜芽宝贝
e4351292,百川世界
7a518731,REC黄金树;爱彼家
0d56b7a7,小花年代
945fe61d,
e358d68b,天人合一
73e7cb1a,
04e0fb8c,亿海智投;亿海配资;天智投
64277269,小米有品
132042ff,微蜜国际;梵大集团
8a291345,未来集市
fd2e23d3,
634ab670,皇御环球
144d86e6,PPmoney;ppmoney;PPmoney网贷
8d44d75c,小樱桃
fa43e7ca,汇管家
6afcfa5b,
1dfbcacd,章鱼哥
b7a37779,鼎盈信;鼎盈在线
c0a447ef,
59ad1655,七星众筹
2eaa26c3,悟空钱包
b0ceb360,
c7c983f6,宝丰国际
5ec0d24c,水滴公寓;水滴金融;水滴物语;水滴管家;小水滴
29c7e2da,川商联宗商品交易中心
b978ff4b,德阳赶街;赶街;肆赶街
ce7fcfdd,咸鱼妹
aeb84638,文语影投
d9bf76ae,小工匠;小工匠匠
40b62714,Matrixport
37b11782,
a9d58221,比特币;宝币网
ded2b2b7,
47dbe30d,沃时贷;图腾贷
30dcd39b,
a063ce0a,爱荐宝;爱建证券
d764fe9c,创客链;德光创客
859515fb,太原云信金融外包服务有限公司;乐先花
f292256d,
6b9b74d7,钱程策略;钱程无忧
1c9c4441,
82f8d1e2,淘气购
f5ffe174,以太坊
6cf6b0ce,客福天下;客天下
1bf18058,火趣小视频;火趣
8b4e9dc9,玛伊微享淘;玛伊国际;微享淘
fc49ad5f,小微E贷通
9c8e24ba,微信跑分
eb89142c,焕呗;焕商
72804596,
05877500,智慧晶
9be3e0a3,
ece4d035,
75ed818f,贝福特
02eab119,大象国际
9255ac88,
e5529c1e,火萤棋牌
d3cfb27d,NordFX诺德;NordFX诺德外汇
a4c882eb,安信金控;善行天下;Finci芬吉;UXEL
3dc1d351,随时约
4ac6e3c7,瑞景之家
d4a27664,逸富国际期货;逸富国际
a3a546f2,趣步
3aac1748,爱打卡
4dab27de,大福星;渤海嘉乐保;平安大福星;渤海嘉乐;嘉乐保;平安大小福星;渤海人寿;平安福星
dd143a4f,中讯策略
aa130ad9,
cad4833c,Primas
bdd3b3aa,OTM奥美外汇;OTM奥美;OTMTRADE
24dae210,超级人脉
53ddd286,
cdb94725,马上智能管家
babe77b3,法拍房;征信;致享融;自贷宝
23b72609,婕而逊
54b0169f,链城亿购
c40f0b0e,富格林
b3083b98,利多资本;TTEX天天交易所
e1f9d0ff,
96fee069,WBFex
0ff7b1d3,
78f08145,福瑞斯;福瑞斯金融ForexClub;福瑞斯金融
e69414e6,艾尔链;德康国际
91932470,莱汇币;万福币;维卡币
089a75ca,
7f9d455c,GlobalSpq共享;全球看点;智慧晶;GlobalSpotA
ef2258cd,SOXEX;蛙趣;SOXEX交易所;币快报;火币;PlusToken
9825685b,TK全球公盘
f8e2e1be,米袋理财
8fe5d128,时尚全球购
16ec8092,蓝晶社
61ebb004,闻喜配资
ff8f25a7,景鸿置业;景鸿集团
88881531,
1181448b,粒子金融
6686741d,
f639698c,安柏环球金融;拍拍贷;钦和投资
813e591a,顺骑共享科技有限公司;上海钧正网络科技有限公司;上海顺骑共享科技有限公司
7f7afd71,贝莱德德;环球金股汇
087dcde7,华誉环亚;嘉盛外汇;金殿环球
91749c5d,比特未来金业
e673accb,
78173968,创世金库
0f1009fe,谋成创汇
96195844,
e11e68d2,汇兴智业
71a17543,邦富在线
06a645d5,积金通
6661cc30,gkfx;凯捷金融
1166fca6,
886fad1c,华北大宗商品交易中心;锦丰国际;飞客在线
ff689d8a,CloudMiner;星链科技
610c0829,捷信金融;捷信消费金融;捷信
160b38bf,精股炉
8f026905,链链金融;前金融;红岭创投
f8055993,
68ba4402,空投;全球看点;易拉宝
1fbd7494,度王金服
b6611d4e,江苏银德投资管理有限公司;银德投资;银德基金;南京禧德
c1662dd8,吉林鼎邦集团
586f7c62,神开股份;君隆资产
2f684cf4,
b10cd957,
c60be9c1,淘优乐
5f02b87b,辰颐物语
280588ed,
b8ba957c,
cfbda5ea,虹奥财富
af7a2c0f,人人汇
d87d1c99,
41744d23,
36737db5,幸运十二生肖
a817e816,
df10d880,天汇金融
4619893a,恒易融;恒昌财富;恒昌集团
311eb9ac,
a1a1a43d,
d6a694ab,易宝支付
84577fcc,九霄商城;蚂蚁淘金
f3504f5a,安盛保险
6a591ee0,
1d5e2e76,潜隆贷;金蛋理财;金蛋;诚乾贷;赤禹金融
833abbd5,
f43d8b43,恩焙优品
6d34daf9,善心汇;帮呗;科呗
1a33ea6f,惠鑫投资
8a8cf7fe,菲特尔国际
fd8bc768,LISINE;Lisinex;LISINEX;Lisinex数字合约交易平台
9d4c4e8d,广州尚洁科技有限公司
ea4b7e1b,英诺外汇
73422fa1,MGK
04451f37,申捷策略
9a218a94,和讯;和讯网
ed26ba02,
742febb8,钱来也;有利网
0328db2e,众城家园;众城;问心家园
9397c6bf,
e490f629,trfx
d20dd84a,简啦啦
a50ae8dc,奥美外汇
3c03b966,银亚国际
4b0489f0,新橙优品
d5601c53,鼎赢牛
a2672cc5,平安守护
3b6e7d7f,富通环球投资
4c694de9,小龟软件
dcd65078,KFCC币
abd160ee,
cb16e90b,
bc11d99d,悟空钱包;信易借
25188827,微多猫
521fb8b1,IPFS;fil币;IPFS未来;filcoin;比特币;filecoin
cc7b2d12,火萤棋牌
bb7c1d84,兴业数金
22754c3e,萨飞资本;江西丰厚源养老有限公司
55727ca8,中海领投;泾绣投资;酬信财富;聚诺财富
c5cd6139,理想家园
b2ca51af,
e03bbac8,
973c8a5e,时视影业
0e35dbe4,宗客网
7932eb72,轻易贷;钱来也
e7567ed1,臻牛所
90514e47,禦和弘
09581ffd,豆蔓智投;百R金服;黄河金融
7e5f2f6b,玩客币
eee032fa,金 管家;商鼎联创
99e7026c,米库帮
f9208b89,铭添观汇
8e27bb1f,优信外汇;UXEL优信外汇
172eeaa5,铸博皇御环球金融;皇御环球
6029da33,易到
fe4d4f90,策略资本
894a7f06,人人汇
10432ebc,dme鸿汇国际
67441e2a,
f7fb03bb,同创期权
80fc332d,华镇控股;华这镇控股
7eb89746,GreatProfitGlobalLimited
09bfa7d0,小花年;小花年代
90b6f66a,
e7b1c6fc,火萤棋牌
79d5535f,
0ed263c9,浅丘金融
97db3273,大笨象商城;大笨象
e0dc02e5,微云全球;速通宝
70631f74,
07642fe2,喜牛
67a3a607,七夕理财
10a49691,金秋财富
89adc72b,智圣金服
feaaf7bd,印象口袋
60ce621e,申万宏源
17c95288,维基链;　　UFO链
8ec00332,易信普惠
f9c733a4,BICOOL
69782e35,
1e7f1ea3,QC商城
b32e0bcb,环球之音
c4293b5d,比特币
5d206ae7,大田环球
2a275a71,
b443cfd2,
c344ff44,盈可石油科技有限公司;嘉晟财富
5a4daefe,邦富投资;邦富在线
2d4a9e68,okcoin
bdf583f9,
caf2b36f,
aa353a8a,PTFX普顿;普顿外汇;PTFX外汇;MIA米治;鉅富金融;普华在线;PTFX;PTFX普顿外汇
dd320a1c,vpay;速通宝;瑞波币
443b5ba6,
333c6b30,cfam;粒子金融;mt4;宝丰国际
ad58fe93,黑马外汇
da5fce05,问卷之星;喵小二
43569fbf,黄金原油;铭添观汇
3451af29,远特喜牛走;远特喜牛;喜牛
a4eeb2b8,
d3e9822e,车邦贷;钦和投资
81186949,上有财金
f61f59df,聚宝汇
6f160865,拍拍乐
181138f3,
8675ad50,EXPASSET;环球天鹰
f1729dc6,圆汇金融
687bcc7c,礼赞商城
1f7cfcea,
8fc3e17b,FN未来网;达世币;空气币
f8c4d1ed,
98035808,以太币;比特币;Mchain;以太坊
ef04689e,
760d3924,好玩吧
010a09b2,维卡币
9f6e9c11,HIIFX海汇国际;海汇国际;海汇
e869ac87,牧宝;牧宝理财
7160fd3d,易通创客
0667cdab,搂宝联盟;天亿福;份天亿福;搂宝;  天亿福;楼宝;麦点商城;天亿福搂宝
96d8d03a,虎币网
e1dfe0ac,比特币
d742cecf,
a045fe59,
394cafe3,借亦有道
4e4b9f75,比特狗
d02f0ad6,辣妈总管
a7283a40,CoinBene;百倍币
3e216bfa,大众额
49265b6c,企叮咚;魔塑健身
d99946fd,赚赚熊
ae9e766b,掌上拍;PAC掌上拍;pac掌上拍
ce59ff8e,和茶商城;      ;青岛泓睿云商网络科技有限公司
b95ecf18,金吉利宝;红八财富
20579ea2,淘富宝
5750ae34,
c9343b97,智慧晶;全球看点;流量魔盒
be330b01,
273a5abb,
503d6a2d,请你贷;砚下金融
c08277bc,玉卓影视;君迪影视;京都影视;九号影视;辰威影视;勒沛影视;顺天影视
b785472a,链乎;链创财富;iWallet;小蚂蚁;Bitfree交易所
e574ac4d,弘晟外汇
92739cdb,youbank;未来大财富
0b7acd61,
7c7dfdf7,Algorand基金会;创世资本;Algorand;以太坊
e2196854,立信投资管理有限公司;常德市立信投资管理有限公司;湖南坤海新能源投资管理有限公司
951e58c2,Coinsuper;以太坊
0c170978,IIIBTC;IIIBTC交易所;艾比特
7b1039ee,
ebaf247f,易票宝;派派猪网贷
9ca814e9,大田环球
fc6f9d0c,NordFX诺德
8b68ad9a,
1261fc20,请你贷;好乐快米;砚下金融
6566ccb6,真牛所;臻牛所
fb025915,中弘瑞鑫;懒财宝;韬蕴资本;懒财所;青岛中天资产管理中心;懒财网;懒财金服;懒财;泉州天仁贸易借款;蓝巨投资;明尚时刻
8c056983,UNPRI;华宝基金;华宝资源;宝武集团;金牛基金;科创板;华宝
150c3839,
620b08af,微多猫
f2b4153e,泉策略;成泉策略
85b325a8,
7bf781c3,
0cf0b155,
95f9e0ef,盐津铺子
e2fed079,
7c9a45da,福建华胜达建设有限公司;福建凯裕建设有限公司
0b9d754c,
929424f6,GEC
e5931460,琼华网
752c09f1,合伙理财;大象国际;大象理财
022b3967,幻城游戏;幻城国际
62ecb082,微多猫
15eb8014,
8ce2d1ae,海帝影视
fbe5e138,平安好房
6581749b,……超级人脉;超级人脉
1286440d,
8b8f15b7,
fc882521,
6c3738b0,ALB;ALB拆分盘
1b300826,小樱桃商城
b2ec61fc,万宝路;布雷顿森林;漂亮50
c5eb516a,锦欣生殖
5ce200d0,嗨团团购
2be53046,云尊币;云尊集团;winbitex;云尊
b581a5e5,BossToken
c2869573,
5b8fc4c9,瑞景之家
2c88f45f,
bc37e9ce,比原链;BTM比原链
cb30d958,IOToken;iotoken;艾米奥;米奥钱包
abf750bd,峥嵘财富
dcf0602b,恒天集团
45f93191,微云全球
32fe0107,启信宝;富管家;天安财险;安心财险;天安金交中心;天安金交所
ac9a94a4,车享豆;车享魔方;车享链
db9da432,AFMFX
4294f588,CashShuffle;Cashshuffle
3593c51e,
a52cd88f,悦拜
d22be819,
80da037e,
f7dd33e8,币盈联盟
6ed46252,鼎诚创投
19d352c4,
87b7c767,多元币;香港世纪金业集团;广州西勃商品交易中心
f0b0f7f1,以太森林
69b9a64b,
1ebe96dd,钱保姆
8e018b4c,Wpay钱包;Wpay
f906bbda,ACC渔民俱乐部
99c1323f,文汇阁
eec602a9,三剑客;人脉众筹;贷易还
77cf5313,
00c86385,万豪金业
9eacf626,共享宝
e9abc6b0,景顺长城基金管理有限公司;天天基金
70a2970a,圣豪贷;淘金社;汇通金融;畅贷网;元贷通;潜隆贷;东起投资;润达贷
07a5a79c,蚂蚁巴士
971aba0d,Lisinex;oranflag
e01d8a9b,黄昏之星
d680a4f8,钱嗨娱乐
a187946e,未来集市
388ec5d4,摇财树;美美理财;庆翱投资
4f89f542,
d1ed60e1,温州华行投资管理有限公司
a6ea5077,GoMoney
3fe301cd,水滴金融
48e4315b,ACY稀万证券
d85b2cca,猫之链
af5c1c5c,金沙江联合资本;钱香金融;份钱香金融;钱香
cf9b95b9,季翁岭财富
b89ca52f,善心汇;反波胆;百家利
2195f495,芒果口袋借款;芒果口袋
5692c403,
c8f651a0,
bff16136,
26f8308c,
51ff001a,斐讯商场;上海联璧电子科技有限公司;联璧科技;ST慧球;联璧金融;斐讯;华夏万家;斐讯通信
c1401d8b,GTC理财;GTC点金
b6472d1d,前海裕伦
e4b6c67a,榴莲哥;科妙集团;科妙控股
93b1f6ec,中龙创想投资平台;中龙创想
0ab8a756,微淘
7dbf97c0,锅巴土豆;土豆驾到
e3db0263,易乾财富;潜隆贷;享福宝;鸽子杰之家
94dc32f5,全民养鱼
0dd5634f,汇联智投
7ad253d9,
ea6d4e48,闪电借款;蚂蚁巴士
9d6a7ede,
fdadf73b,
8aaac7ad,yokiLife;优可生活
13a39617,盈合凯祥
64a4a681,
fac03322,乾包网;e都市钱包
8dc703b4,
14ce520e,温商贷
63c96298,LTC　　;加密货币;比特币;币盛汇
f3767f09,中瑞财讯
84714f9f,
7a35ebf4,易信金融;easyMarkets易信;易信
0d32db62,gsgforex外汇平台
943b8ad8,聚小店;聚小溪;小溪省钱
e33cba4e,世舟之家
7d582fed,启金教育;启金智库
0a5f1f7b,客福天下;客天下
93564ec1,车丰汇;潜隆贷;丰付支付
e4517e57,快链;币赢;币赢网;SERO;以太坊
74ee63c6,     ;  GTC;      ; GTC;          ;           
03e95350,福袋;华誉环亚外汇;和基外汇;澳沃国际
632edab5,香港远大期货
1429ea23,牧芽科技
8d20bb99,存德投资会;存德;存德投资
fa278b0f,喜团;飞毛腿
64431eac,
13442e3a,时空周转;好信分期
8a4d7f80,手机宝
fd4a4f16,管家帮
6df55287,米奥;Ioroken米奥;米奥钱包
1af26211,以太坊;矿视界
b0aadfa5,
c7adef33,远特喜牛通信;远特喜牛;远特喜牛通讯
5ea4be89,rusdav
29a38e1f,逸富国际
b7c71bbc,亨特国际;天庭云;微交易;金盛微交易
c0c02b2a,
59c97a90,聚合国际;聚合国际
2ece4a06,盾安集团;合晟资产;盾安;大公国际;盾安债;上海合晟资产;泓德基金
be715797,庞大集团
c9766701,弘华集团;弘华佛学院
a9b1eee4,
deb6de72,cqs外汇
47bf8fc8,聚汇天下;邦君;必发财;君悠购;猎金影视;邦君悠购
30b8bf5e,腾邦现货
aedc2afd,
d9db1a6b,友信;友信一生
40d24bd1,华景无限逍遥卡;华景无限
37d57b47,
a76a66d6,增融财富
d06d5640,印象口袋
829cbd27,创收宝;拓展宝
f59b8db1,淘钱宝
6c92dc0b,CashShuffle;ashshuffle;Cashshuffle
1b95ec9d,朵朵街
85f1793e,领投听伴;汉富资本
f2f649a8,喵小二
6bff1812,小兔救急
1cf82884,
8c473515,请你贷;砚下金融
fb400583,民生信托
9b878c66,商机头条
ec80bcf0,
7589ed4a,
028edddc,辰颐物语
9cea487f,蓝枫林
ebed78e9,
72e42953,峥嵘财富
05e319c5,友信金服;友信智投
955c0454,钱香金融;钱香
e25b34c2,
d4c61aa1,
a3c12a37,
3ac87b8d,
4dcf4b1b,吉丰金服;吉丰财富
d3abdeb8,赶街;叁赶街;大赶街
a4acee2e,米房借条
3da5bf94,YoubanKs;youbank;youbank数字银行
4aa28f02,奥美集团;OTM奥美集团;奥美外汇;otm奥美外汇
da1d9293,京信链;网盛;生意宝
ad1aa205,福闰源;得能链
cddd2be0,借易通
bada1b76,汇联智投;汇联
23d34acc,
54d47a5a,雅堂金融;爱投资;雅堂
cab0eff9,
bdb7df6f,甜橙金融;i问财;招商基金
24be8ed5,
53b9be43,
c306a3d2,betfair;Betfair;必发betfair
b4019344,冠联投资家园;优财;布尔金融
e6f07823,利多资本;TTEX天天交易所;TTEX
91f748b5,
08fe190f,爱转机;有脉金控
7ff92999,杭州金盒子;金盒子金融;金盒子
e19dbc3a,百度莱茨狗;哈希世界;公信宝
969a8cac,嘟嘟生活;ND嘟嘟推手;偃师嘟嘟
0f93dd16,英伦沃尔克;沃尔克
7894ed80,Newdex;Virtex;FXBTC;比特币
e82bf011,狸狸商城
9f2cc087,礼品策
ffeb4962,多啦聚财;小赢网金;小赢理财
88ec79f4,杉易贷
11e5284e,
66e218d8,精灵家园
f8868d7b,
8f81bded,众盈;河南盈鑫金融服务有限公司;河南盈鑫金融
1688ec57,海航聚宝汇;聚宝汇
618fdcc1,喜牛app;远特喜加;远特喜牛;喜牛;远特喜牛通讯
f130c150,余X宝;京开创投
8637f1c6,恋指团
787355ad,广州天河区大象健康科技有限公司;天河区大象健康科技有限公司
0f74653b,
967d3481,金殿环球金融投资集团;广州广赢投资管理有限公司;金殿;金殿环球
e17a0417,试客小兵
7f1e91b4,
0819a122,联养链
9110f098,易起创投;银豆网;中广核富盈;国盈金服;爱投资;花果金融
e617c00e,畅捷支付;小黑鱼;途牛;小饭票;橄榄优借;佩奇钱包;熊猫钱包;小鱼宝
76a8dd9f,大和嘉盛
01afed09,
616864ec,虎币网
166f547a,
8f6605c0,众盈环球
f8613556,opanda;panda
6605a0f5,毕节市天河城建开发投资有限公司
11029063,理想家园;LX商城;lx商城;理想家园lx商城
880bc1d9,
ff0cf14f,友信智投
6fb3ecde,汇盈天
18b4dc48,
b168b592,锦安财富;前海开源
c66f8504,InstaForex
5f66d4be,乐车链;世联资产;优维国际;玖富集团;蜀桑园;爱购湾;狂人部落;福  股德公司;如歌财富;金盛源;三十度农场;牛牛通宝;绿洲源;泰理财;道和云科;君融贷;悦花越有;拍拍乐
2861e428,恒天集团;恒天地产
b605718b,随享车;8享车;信用加油;享车
c102411d,新橙优品
580b10a7,空气币管家;鲸交所
2f0c2031,finci
bfb33da0,英皇集团
c8b40d36,鲁多多
a87384d3,美联金融
df74b445,
467de5ff,华药益掌通;益掌通
317ad569,Singularity奇点游戏
af1e40ca,5倍币;瑞波币;比特币;瑞波基金;瑞波联储
d819705c,
411021e6,大通全球
36171170,景鸿环球集团;景鸿环球;希有生活;景鸿集团
a6a80ce1,太原云信金融外包服务有限公司;乐先花
d1af3c77,  猎金集团;猎金影视;猎金集团
835ed710,猴尾巴;潜行科技;湘野食府
f459e786,现金借款;极速贷
6d50b63c,花虾金融;金统贷;金铜贷;渝金所;华赢凯来;民爱贷;建企管家;长富理财;八戒王国;钱保姆
1a5786aa,
84331309,比特兔;比特兔优选;兔子优选;Raise
f334239f,鑫银宝
6a3d7225,
1d3a42b3,
8d855f22,SUIBE
fa826fb4,
9a45e651,时视影业;投联影
ed42d6c7,金殿环球金融投资集团;广州广赢投资管理有限公司;金殿;金殿环球
744b877d,
034cb7eb,以太坊;维卡币
9d282248,明堂金融联盟
ea2f12de,贵州中进大宗商品交易中心;神谷策略
73264364,新客兑;润通现货;擎天评盘
042173f2,猫之链
949e6e63,  猎金集团;全民影视;共享猎金集团;猎金影视;猎金集团
e3995ef5,杭州世舟投资管理有限公司;世舟之家
d5047096,
a2034000,
3b0a11ba,UKFGROUP
4c0d212c,秒钱理财
d269b48f,tri拓利
a56e8419,
3c67d5a3,新橙分期
4b60e535,拆分神话
dbdff8a4,杨方配资
acd8c832,SUMTOKEN超级钱包;SUT币;搬砖钱包;SUMTOKEN;以太坊;Sumtoken;sumtoken;SUM;STC智能云搬砖;STC智能云会;超级钱包
cc1f41d7,秦川策略
bb187141,天德资产;p2p
221120fb,
5516106d,
cb7285ce,KB数字资产兑换平台
bc75b558,
257ce4e2,金猪发财;借亦有道
527bd474,
c2c4c9e5,—THEEND—;鹏华全球
b5c3f973,网乐购;全网乐购
e7321214,
90352282,呦蓝;拼多多;呦蓝未来;呦蓝全网
093c7338,Coinbkb交易所
7e3b43ae,闲鱼
e05fd60d,
9758e69b,微推推
0e51b721,英皇金融国际
795687b7,汇置财富
e9e99a26,智慧晶
9eeeaab0,钱嗨娱乐
fe292355,秦川策略
892e13c3,TCOINS;TCOINS数字资产交易平台;以太坊
10274279,翁岭财富;季翁岭投资;季翁岭财富;云南季翁岭投资有限公司;季翁岭投资有限公司
672072ef,
f944e74c,
8e43d7da,集富小金库;票金贷;和信贷;微贷网
174a8660,未来网
604db6f6,AMBER琥珀帝国;北大青鸟金融
f0f2ab67,蚂蚁矿池
87f59bf1,智汇魔方;分期乐;红域视频;火牛视频
79b13f9a,弘晟外汇
0eb60f0c,aet外汇
97bf5eb6,
e0b86e20,众盈;ACCION
7edcfb83,BOSScoin
09dbcb15,酷骑单车
90d29aaf,朵色
e7d5aa39,
776ab7a8,信汇投资;汇财通;双币宝;平安创投;外汇宝;中信投资;万里汇
006d873e,小米有品有鱼
60aa0edb,
17ad3e4d,保诚国际
8ea46ff7,皇玛金融
f9a35f61,e抵快贷
67c7cac2,中诚实业;晟隽未来;光大信托;博信股份;诺亚财富;摩山保理;江苏信托
10c0fa54,
89c9abee,惠富天下
fece9b78,
6e7186e9,任乐花
1976b67f,雷顿投资;雷顿投资管理
ba34f2af,集分宝;积分宝
cd33c239,
543a9383,
233da315,蜜蜂农场;水象分期
bd5936b6,先汇;先汇国际
ca5e0620,
5357579a,疯狂动物城;R3宠物街;全民养鱼;华登区块狗
2450670c,Broker
b4ef7a9d,比特币;以太坊
c3e84a0b,致享融
a32fc3ee,广发基金
d428f378,比特易
4d21a2c2,豆豆粮票
3a269254,章鱼丸;章鱼链;章鱼世界
a44207f7,Bondex
d3453761,秒钱理财
4a4c66db,牧芽科技
3d4b564d,
adf44bdc,玩客币
daf37b4a,以太森林
8802902d,众兴通
ff05a0bb,腾邦现货;润通现货
660cf101,维堡天善
110bc197,酷骑单车
8f6f5434,gaea交易所
f86864a2,焕呗;焕呗现代;焕呗易货
61613518,慧盈理财;看球无忧
1666058e,米袋理财;米袋
86d9181f,鑫合邦外汇
f1de2889,盼哒科技
9119a16c,
e61e91fa,财富通
7f17c040,
0810f0d6,添益宝;上银慧财宝
96746575,
e17355e3,CashShuffle;Cashshuffle
787a0459,YouBank
0f7d34cf,
9fc2295e,朵色
e8c519c8,老虎外汇
de5837ab,金吉利宝
a95f073d,
30565687,京开创投
47516611,鼎诚创投
d935f3b2,
ae32c324,万多福投资管理公司;万多福
373b929e,
403ca208,华药益掌通通;华药益掌通;华药益掌;益掌通
d083bf99,
a7848f0f,云尊链;云尊;雲尊链;Winbit;云尊联盟;云尊交易所;云尊集团
c74306ea,
b044367c,
294d67c6,仙之谷;仙之谷农场
5e4a5750,速想购
c02ec2f3,
b729f265,富格林投资
2e20a3df,拖富链;托富链
59279349,雷达钱包;雷达币
c9988ed8,多啦聚财;小赢网金;小赢理财;微贷网
be9fbe4e,蜂涌理财
ec6e5529,因特间时尚服饰有限公司
9b6965bf,瑞波币;比特币;瑞波基金;瑞波联储;以太坊
02603405,ForexClub福瑞斯金融;福瑞斯;ForexClub;福瑞斯金融ForexClub;瑞斯金融;福瑞斯金融
75670493,
eb039130,长征财富
9c04a1a6,藤蔓资产
050df01c,瑞波币;比特币;新比特币;NewBTcoin
720ac08a,
e2b5dd1b,
95b2ed8d,币王
f5756468,乾润华创;湖南乾润华创
827254fe,领峰环球
1b7b0544,智能宝;以太坊
6c7c35d2,东创在线;和信;玉象金融;好车贷;和信贷
f218a071,泛亚交易
851f90e7,TTEX天天交易所
1c16c15d,小白马金服;金统贷;点聚财;聚胜财富;钱保姆
6b11f1cb,赛富投资;云集;拍拍赚;未来集市
fbaeec5a,诺亚财富;承兴国际
8ca9dccc,江苏银德投资管理有限公司;银德投资;银德基金;南京禧德;禧德
72ed78a7,AmericanGreen;REC黄金树;爱彼家;万亿财团;大麻小镇;Nipton
05ea4831,鑫东投资
9ce3198b,华夏云商
ebe4291d,
7580bcbe,展荣财富
02878c28,钱嗨娱乐
9b8edd92,华景无限
ec89ed04,火趣
7c36f095,牛多宝
0b31c003,天鑫金融
6bf649e6,
1cf17970,
85f828ca,
f2ff185c,创赢财富;环迅支付
6c9b8dff,创收宝;拓展宝
1b9cbd69,
8295ecd3,
f592dc45,️Wotoken;wotoken
652dc1d4,简七理财
122af142,俞丰财富
bbf69898,
ccf1a80e,昊鑫隆;    昊鑫隆;佳佳购
55f8f9b4,KB数字资产兑换平台;木炎区块链
22ffc922,火萤棋牌;流浪地球
bc9b5c81,比特币
cb9c6c17,嘉盛外汇
52953dad,艾森美睫;提拉米酥
25920d3b,比特币;迈阿币Mmcoin;迈阿币
b52d10aa,小趣宝藏;阅非;火牛视频;阅非商城
c22a203c,
a2eda9d9,环联公司
d5ea994f,
4ce3c8f5,博创科技;光无源
3be4f863,
a5806dc0,特惠赚
d2875d56,壹壹金服;宜贷网
4b8e0cec,盐津铺子
3c893c7a,和基外汇
ac3621eb,EXPASSET;EXP;EXP资产
db31117d,西部证券
89c0fa1a,vkmall
fec7ca8c,钱嗨娱乐
67ce9b36,优品潮
10c9aba0,
8ead3e03,世纪金业
f9aa0e95,央金所
60a35f2f,
17a46fb9,通金所
871b7228,爱暄堂
f01c42be,小米有品有鱼;小米有品
90dbcb5b,莱汇币;万福币;维卡币
e7dcfbcd,
7ed5aa77,凤凰币
09d29ae1,牧宝;牧宝理财
97b60f42,联贝德
e0b13fd4,
79b86e6e,小豹科技
0ebf5ef8,小凡人
9e004369,达世币;AXE斧头币
e90773ff,IDAX
df9a5d9c,宝星环球投资
a89d6d0a,加油宝
31943cb0,
46930c26,维客特
d8f79985,黄金钱包
aff0a913,米缸金融;富管家;蜜蜂有钱;天安财险;天安金交中心
36f9f8a9,御龙传说;88农场
41fec83f,超量云
d141d5ae,小工匠
a646e538,YZ闪定平台;世界金控
c6816cdd,至善基金
b1865c4b,SOXEX;润通现货;闪链创投;波场超级社区;Plustoken
288f0df1,
5f883d67,璀璨控股
c1eca8c4,神开股份;君隆资产
b6eb9852,创世资本;Odaily标星;以太坊;Algorand;Algorand基金会
2fe2c9e8,莱特币;比特币
58e5f97e,小米有品
c85ae4ef,北京国远资产管理集团有限公司
bf5dd479,特惠赚
edac3f1e,蚂蚁巴士;有利网
9aab0f88,米袋理财;米袋
03a25e32,宏图富邦
74a56ea4,
eac1fb07,小龟软件
9dc6cb91,OSnrcfx鼎汇
04cf9a2b,联合能源控股;享车
73c8aabd,泰禾人寿;泰禾投资;大新金融;大新人寿;泰禾集团
e377b72c,波场超级社区
947087ba,宏信证券
f4b70e5f,火币钱包
83b03ec9,
1ab96f73,
6dbe5fe5,QC商城
f3daca46,前海开源资产;前海开源资产管理有限公司;锦安财富;前海开源
84ddfad0,创赢财富;环迅支付
1dd4ab6a,蚂蚁币;蚂蚁矿场
6ad39bfc,IAC;爱乐币
fa6c866d,
8d6bb6fb,
732f1290,神店;ufo
04282206,gtfx
9d2173bc,麻袋财富
ea26432a,米袋理财
7442d689,星链购
0345e61f,蜜蜂花园;钜淘科技;招财蜂
9a4cb7a5,大大集团;大大宝;德融财富
ed4b8733,科瑞达;和基;友诚保险;和基外汇
7df49aa2,利辉财富;利辉乾财富;辉乾财富
0af3aa34,鑫东投资
6a3423d1,悟空理财
1d331347,聚宝匯;聚宝滙
843a42fd,微信跑分
f33d726b,NordFX诺德;诺德外汇
6d59e7c8,富民宝;定活宝
1a5ed75e,
835786e4,国脉天网;天网
f450b672,
64efabe3,众博;问心家园;天宝互助;东方财富;新客兑;澳客国际
13e89b75,ALB拆分盘
a6920cf9,托富链;TFC托富链
d1953c6f,
489c6dd5,
3f9b5d43,养鸡大亨
a1ffc8e0,养鹿啦
d6f8f876,
4ff1a9cc,领先外汇
38f6995a,LX商城;理想家园lx商城
a84984cb,盛德投资
df4eb45d,
bf893db8,新新贷;E贷通;信贷工厂
c88e0d2e,汇付天下;口袋牧场;趣养鱼;全民养牛;财富牧场;鳄鱼宝;众牧宝
51875c94,bmfn博美外汇;ewg外汇
26806c02,快生钱
b8e4f9a1,合众e贷
cfe3c937,PAC掌上拍
56ea988d,崇信德亨
21eda81b,SlushPool
b152b58a,展荣财富
c655851c,IRC艾诺外汇
94a46e7b,工资管家
e3a35eed,
7aaa0f57,
0dad3fc1,巨小西
93c9aa62,新橙优品
e4ce9af4,赶谷榜;干股帮
7dc7cb4e,世纪金业
0ac0fbd8,上海快鹿投资集团;上海快鹿集团;快鹿
9a7fe649,
ed78d6df,宜友之家;宜贷;宜友
8dbf5f3a,
fab86fac,金汇微金
63b13e16,纷米科技;纷米;️AI智能机器人;瓜分未来;纷米智媒;信而优;智慧商圈;纷米智慧商圈
14b60e80,
8ad29b23,IMAX迈达国际
fdd5abb5, Axonomy;LOTS;Axonomy;以太坊
64dcfa0f,瑞景之家
13dbca99,嘉实资本;嘉实资本管理有限公司
8364d708,太阳神
f463e79e,远特时空;喜牛
c2fec9fd,
b5f9f96b,章鱼哥
2cf0a8d1,
5bf79847,公信宝
c5930de4,ag国际
b2943d72,东霖国际
2b9d6cc8,米奇生活
5c9a5c5e,峥嵘财富
cc2541cf,火萤棋牌
bb227159,
dbe5f8bc,安利微购;安利微商
ace2c82a,英诺天使
35eb9990,荔枝口袋
42eca906,云联牧场;养鹿啦
dc883ca5,优可生活
ab8f0c33,
32865d89,
45816d1f,鑫汇国际
d53e708e,万权创服
a2394018,猫之链
f0c8ab7f,
87cf9be9,jojomarkets
1ec6ca53,
69c1fac5,
f7a56f66,in有
80a25ff0,AGK理财
19ab0e4a,闪电鸡
6eac3edc,麻袋财富
fe13234d,
891413db,星星贷;掌悦理财;利利金服
e9d39a3e,珍宝岛
9ed4aaa8,一熊猫;Panda熊猫
07ddfb12,雷达钱包;雷达币
70dacb84,点融;袋鼠妈妈
eebe5e27,
99b96eb1,逗号智能
00b03f0b,expasset
77b70f9d,   VCI;豹驰国际;VCI豹驰国际
e708120c,鼎诚创投
900f229a,REC黄金树;黄金树;REC财团
6e4b86f1,
194cb667,vkmall
8045e7dd,钱嗨娱乐
f742d74b,试客小兵;试玩派
692642e8,
1e21727e,
872823c4,
f02f1352,手机宝
60900ec3,
17973e55,GoldenPacer;优信
7750b7b0,汇信云;汇信
00578726,
995ed69c,大众工匠
ee59e60a,团贷网;e融所;达人贷;翼龙贷;合众e贷;聚宝普惠;亿钱贷;玖富;麻袋财富
703d73a9,财富通
073a433f,qq钱包;杨梅白卡
9e331285,存德投资会;存德投资
e9342213,
798b3f82,飞贷;多飞贷
0e8c0f14,和基外汇
a75066ce, YouBank;youbank;Youbank;以太坊
d0575658,玖富钱包;玖富普惠
495e07e2,
3e593774,
a03da2d7,隆鑫HT
d73a9241,
4e33c3fb,惠富天下
3934f36d,易生金服;海航凯撒旅游集团
a98beefc,申万宏源国际;申万宏源
de8cde6a,币达财富;币达资本;币达财富联盟;币达
be4b578f,聚小店;聚小溪;小溪;小溪省钱
c94c6719,
504536a3,小兔救急;联连理财
27420635,维易;飞客在线
b9269396,
ce21a300,四川省金鑫隆餐饮管理有限公司;土豆驾到;锅巴土豆
5728f2ba,大牛花
202fc22c,OMEGA欧美加欧密加;OMEGA欧美加;OMEGA
b090dfbd,锦安财富;前海开源
c797ef2b,优财;…… 　　;蜗牛动力
9566044c,网信普惠;网信集团
e26134da,华镇控股
7b686560,蓝莓花花
0c6f55f6,淘富宝
920bc055,
e50cf0c3,gkfx
7c05a179,
0b0291ef,杀猪盘;赚赚外快
9bbd8c7e,乾安投资
ecbabce8,牛多宝
8c7d350d,钱包侠
fb7a059b,
62735421,facebook
157464b7,恺英;恺英网络
8b10f114,金盒子
fc17c182,众人帮;赏多宝
651e9038,同创期权
1219a0ae,
82a6bd3f,雷达钱包
f5a18da9,
c33ca3ca,有信钱包
b43b935c,
2d32c2e6,
5a35f270,福建冠海海运有限公司;福建冠海海运公司
c45167d3,
b3565745,
2a5f06ff,NordFX诺德
5d583669,聚财帮;中商亚信
cde72bf8,鑫果外汇
bae01b6e,万权创服
da27928b,微云全球
ad20a21d,微多猫
3429f3a7,米袋理财;米袋
432ec331,闻喜配资
dd4a5692,双创在线
aa4d6604,PAC掌上拍
334437be,宗客网
44430728,小米有品有鱼;有品有鱼;小米有品
d4fc1ab9,biger
a3fb2a2f,现金借款
f10ac148,
860df1de,未来币;夸克币;阿侬币;氪石币;Cryptonite
1f04a064,蚂蚁乐购
680390f2,蚂蚁矿机;智汇魔方
f6670551,19号谷仓手工吐司
816035c7,妙月百度
1869647d,钱程无忧
6f6e54eb,Thecryptobank;thecryptobank
ffd1497a,
88d679ec,俞丰财富金融;俞丰财富
e811f009,聚爱财;车丰汇;儒源财富;银豆网;小狗钱钱
9f16c09f,
061f9125,小钱袋;腾信宝;麻袋财富
7118a1b3,迅雷金融;券妈;投融家;钻鑫贷;券妈妈
ef7c3410,
987b0486,惠富天下
0172553c,
767565aa,
e6ca783b,酷外汇;爱客金融
91cd48ad,ATFX
6f89ecc6,
188edc50,未来集市
81878dea,趣妙租
f680bd7c,
68e428df,
1fe31849,万政;万政集团;河南万政
86ea49f3,呆萌价
f1ed7965,艾拓思
615264f4,微淘
16555462,借亦有道
7692dd87,
0195ed11,速通宝;vpay;VpayCoin; Vpay;Vpay;Vpay钱包
989cbcab,
ef9b8c3d,
71ff199e,锅巴土豆;土豆驾到;铭优人力
06f82908,
9ff178b2,SIE数字交易所;SIE数字货币交易所
e8f64824,小鸟发财
784955b5,淘乐惠
0f4e6523,
a516d897,糖果币;趣步;未来集市;智慧晶;拓客;火趣
d211e801,汇新智;深圳市汇新智科技有限公司
4b18b9bb,智选天下
3c1f892d,莱道君;莱道
a27b1c8e,文语影投
d57c2c18,鼎信佳瑞投资管理公司;珠海鼎信佳瑞财富投资管理有限公司;鼎信佳瑞财富投资管理有限公司;鼎信佳瑞;贷你盈
4c757da2,富喜智服
3b724d34,鼎汇
abcd50a5,米房借条
dcca6033,分成网
bc0de9d6,爱糯米;Axonomy;HashQuart
cb0ad940,瑞景之家
520388fa,火币钱包
2504b86c,全财富;曲全财富
bb602dcf,福e宝
cc671d59,平安普惠
556e4ce3,浪小花
22697c75,未来集市
b2d661e4,全民推
c5d15172,
9720ba15,河南南阳大宗商品
e0278a83,
792edb39,养鸡大亨
0e29ebaf,享车
904d7e0c,抹茶联合
e74a4e9a,奇迹
7e431f20,顺丰小当家;加油宝
09442fb6,
99fb3227,以太坊;手机宝;TNRJ手机宝;火币
eefc02b1,
8e3b8b54,
f93cbbc2,
6035ea78,袋鼠妈妈
1732daee,金开贷
89564f4d,远特喜牛
fe517fdb,恒信集团;恒信环球投资
67582e61,微多猫;悠乐买;疯抢商城;中悦药王;海支付
105f1ef7,九霄商城;蚂蚁淘金
80e00366,钱多多;魔幻农庄;皮皮果
f7e733f0,聚美商城;西勃商品交易中心;股易融;Finci芬吉;名扬策略
c17a1d93,汇联智投;汇联金融
b67d2d05,全球看点
2f747cbf,汇盈天;中国汇盈天
58734c29,
c617d98a,华开金控
b110e91c,简七理财
2819b8a6,PTFX普顿;普顿外汇;PTFX外汇;鉅富金融;PTFX;PTFX普顿外汇;海汇国际
5f1e8830,展荣财富;广西展荣投资有限公司;展荣投资有限公司
cfa195a1,万权创服
b8a6a537,零钱宝
d8612cd2,泛亚交易;泛亚
af661c44,小花年代
366f4dfe,　　OGH
41687d68,蚂蚁窝;蚂蚁乐园;众创思维
df0ce8cb,金猪下崽
a80bd85d,雷达币;比特币
310289e7,
4605b971,红楼财团
d6baa4e0,远特通信
a1bd9476,美缘影视
f34c7f11,
844b4f87,优美易购
1d421e3d,
6a452eab,雷达钱包;雷达币
f421bb08,简七理财
83268b9e,慧盈理财
1a2fda24,万銮国际;VeGard;众昇策略;诺安期货;BKB数字交易所;環信投资;贵州国际商品交易中心;环信投资;安信金控;逸富国际;海南大宗
6d28eab2,小猫来财
fd97f723,翼龙贷;民蕴财富
8a90c7b5,美人团
ea574e50,手机宝
9d507ec6,DAPP;SERO;以太坊
04592f7c,
735e1fea,密码朋克;SKY蓝天国际;云世纪
ed3a8a49,掌众金服
9a3dbadf,荔枝山庄
0334eb65,悦拜
7433dbf3,巨丰学苑;巨丰投顾
e48cc662,平安银行
938bf6f4,
6dcf529f,未来网
1ac86209,
83c133b3,雪球
f4c60325,特惠赚
6aa29686,陕股交;陕西股权交易中心
1da5a610,大姐花;闪电分期
84acf7aa,
f3abc73c,KVB昆仑国际;昆仑国际
6314daad,多亲;小米有品
1413ea3b,SOXex;SOXEX
74d463de,
03d35348,
9ada02f2,五利合济民;久久联合;利合济民;北京利合济民投资有限公司;利合集团
eddd3264,臻牛所
73b9a7c7,
04be9751,U聚宝;联养链;聚宝
9db7c6eb,特惠赚
eab0f67d,小豹科技
7a0febec,
0d08db7a,宗客网
a4d4b2a0,金盈带;笛派斯
d3d38236,
4adad38c,琼华网
3ddde31a,
a3b976b9,奉恩之家
d4be462f,GoldenPacer;优信
4db71795,特惠赚
3ab02703,融金所;夸客金融;爱贷网;商房所;安贷宝;金吉利宝
aa0f3a92,乐购;全网乐购
dd080a04,善贷通;爱善贷;中盈律邦
bdcf83e1,艾尔链;LAC艾尔链
cac8b377,星际比特
53c1e2cd,小米有品有鱼
24c6d25b,易宝支付
baa247f8,金猪管家
cda5776e,哔宝
54ac26d4,广州迪咔科技有限公司;迪咔商城
23ab1642,
b3140bd3,
c4133b45,smallplatf;比特币;ECDSA
96e2d022,天宸投资
e1e5e0b4,
78ecb10e,瑞景之家
0feb8198,广州华军合创公司
918f143b,零点差;长亚集团
e68824ad,夸克链信
7f817517,香港盈富金汇
08864581,国盛金业;众盈;香港国盛金业有限公司
98395810,
ef3e6886,
8ff9e163,KEO平台
f8fed1f5,悦走;趣步;趣行
61f7804f,嘉实国际;嘉实基金
16f0b0d9,OTM奥美
8894257a,畅由联盟;积分联盟;畅由
ff9315ec,小豹科技
669a4456,多赢普惠;鑫悦贷;品尚易贷;城满财富;钱牛牛
119d74c0,莱汇币;万福币;维卡币
81226951,中兴利民;长征财富
f62559c7,未来大财富;以太坊
c0b877a4,富喜智服
b7bf4732,狗狗币
2eb61688,海象理财;民爱贷
59b1261e,亿久商城;创享;企鹅号
c7d5b3bd,
b0d2832b,爱乐投资;爱乐在线
29dbd291,微淘
5edce207,安利;安利微购
ce63ff96,
b964cf00,酷骑单车
d9a346e5,EXPASSET;expasset
aea47673,鑫优会
37ad27c9,华盛联盟
40aa175f,丰正金融;xtrade
dece82fc,金鹿财行;快鹿集团;快鹿
a9c9b26a,莱信
30c0e3d0,
47c7d346,大姐花;惠借
d778ced7,
a07ffe41,
f28e1526,
858925b0,
1c80740a,远大期货
6b87449c,
f5e3d13f,网信普惠;网信集团
82e4e1a9,联连理财;创世银库
1bedb013,雷达币
6cea8085,智选天下
fc559d14,慧盈理财
8b52ad82,BTC;火币网;币安;币信
eb952467,喵小二;全民网赚
9c9214f1,人人优选
059b454b,天天赢;英明财富;置上金融;三国财富;迎宝财富;银巴克
729c75dd,
ecf8e07e,小豹科技
9bffd0e8,团贷网;一起富投资;华银睿联;多米;惠融金融;天天利财;多米金融
02f68152,FAC时尚链;以太坊
75f1b1c4,
e54eac55,百瑞赢
92499cc3,悟空钱包
6c0d38a8,网盛生意宝;生意宝
1b0a083e,
82035984,ipfs;IPFS&filecoin;IPFS星际特工;星际特工;币码翁;Filecoin
f5046912,锦欣生殖
6b60fcb1,万能宝
1c67cc27,中金摩根;加裕智倍保
856e9d9d,人人聚财;蜂融网;三益宝
f269ad0b,币赢网;SERO
62d6b09a,车享豆;车享魔方;车享链
15d1800c,svsfx
751609e9,新力投资
0211397f,猎金影视;猎金集团
9b1868c5,盼哒科技
ec1f5853,欧米加;欧米加集团
727bcdf0,广西凯降安宇矿业投资有限公司
057cfd66,和基外汇
9c75acdc,
eb729c4a,酒链世界
7bcd81db,金殿环球;TFX普顿
0ccab14d,国富通;吆鸡理财
a19ba425,京都世纪影视
d69c94b3,盛禧影视;小金袋
4f95c509,
3892f59f,轩鸿集团;轩鸿
a6f6603c,
d1f150aa,涪陵榨菜
48f80110,ctb外汇平台
3fff3186,比特派
af402c17,ACY稀万证券
d8471c81,蓝枫林
b8809564,
cf87a5f2,维堡天善
568ef448,众生策略
2189c4de,
bfed517d,泰润生物
c8ea61eb,TradeMax集团;TradeMax
51e33051,
26e400c7,小鱼赚钱;小鱼;三小钱;五小鱼
b65b1d56,微淘小二;微淘
c15c2dc0,
93adc6a7,蜗牛动力
e4aaf631,
7da3a78b,
0aa4971d,
94c002be,链信国际;链信
e3c73228,恩焙优品
7ace6392,诚汇国际
0dc95304,宜人贷;爱钱进;蜂融网
9d764e95,SEAFX
ea717e03,
8ab6f7e6,
fdb1c770,礼赞商城
64b896ca,米袋理财
13bfa65c,森林宝
8ddb33ff,乐清金融
fadc0369,途家
63d552d3,葡萄助手
14d26245,
846d7fd4,快生钱;鳄鱼金融
f36a4f42,华禹钧瓷
c5f76121,栋平智能投资平台;昆明栋平
b2f051b7,
2bf9000d,贺邦投资;贺邦借贷
5cfe309b,汇兴智业
c29aa538,雷昆投资
b59d95ae,币虎
2c94c414,
5b93f482,好车贷;车丰汇;趣投资;睿信贷
cb2ce913,比特元
bc2bd985,联养链UICC;UICC联养链;聚宝财富;UICC;U聚宝
dcec5060,
abeb60f6,海尔金控
32e2314c,美物说
45e501da,
db819479,玩客币
ac86a4ef,亿久商城;创享;企鹅号
358ff555,
4288c5c3,美物说
d237d852,
a530e8c4,昵图网
f7c103a3,ATFX
80c63335,以太云
19cf628f,牛多宝
6ec85219,钱包侠
f0acc7ba,秉越投资;贝米钱包;牧芽众筹;你财富;微易贷;融信资本;昊融投资;微贷网
87abf72c,以太森林;APP里森林集市;以太树
1ea2a696,万通融资
69a59600,
f91a8b91,
8e1dbb07,兴业数金;聚票盈
eeda32e2,云集微店
99dd0274,维客特
00d453ce,特惠赚
77d36358,
e9b7f6fb,小马读财天下
9eb0c66d,睿新策略
07b997d7,
70bea741,中能国际
e001bad0,AXE斧头币;比特币;达世币
97068a46,马克币
69422e2d,哆备宝;世纪华联;华军合创
1e451ebb,泰禾人寿;泰禾投资;大新金融;大新人寿
874c4f01,panda熊猫
f04b7f97,陀螺世界
6e2fea34,易货;焕呗易货
1928daa2,光先汇国际
80218b18,日日赚
f726bb8e,百万信贷
6799a61f,借易通;撸万金
109e9689,银小花
70591f6c,宏源国际;极致环球;rexmarkfx;LFXM;致远期货;王牌追金
075e2ffa,意隆财富;国盈基金;比特币
9e577e40,
e9504ed6,小鸟发财
7734db75,中金亿信;金亿信
0033ebe3,车享贷
993aba59,清宴宝
ee3d8acf,福建元昇工程项目管理有限公司;福建省同创建设发展有限公司;福建凯裕建设有限公司
7e82975e,比特币
0985a7c8,
a059ce12,皇玛金融
d75efe84,伽满优;乾包网
4e57af3e,上海福袋汇
39509fa8,和茶商城;青岛泓睿云商网络科技有限公司
a7340a0b,丽泽金融
d0333a9d,
493a6b27,A派空间
3e3d5bb1,
ae824620,NordFX诺德;诺德外汇
d98576b6,云尊链;WINBITEX
b942ff53,创昇国际;艾斯国际
ce45cfc5,水象分期;卡卡贷;维信金科
574c9e7f,众生策略
204baee9,链城亿购
be2f3b4a,平安银行
c9280bdc,简啦啦
50215a66,小米众筹;小米有品
27266af0,
b7997761,
c09e47f7,永利宝;钱包侠;缘起钱包
926fac90,呦蓝
e5689c06,企叮咚
7c61cdbc,中盈财富
0b66fd2a,丰盛金融
95026889,
e205581f,哈希未来
7b0c09a5,GEC环保币
0c0b3933,
9cb424a2,网盛;蚌埠网盛;生意宝
ebb31434,
8b749dd1,
fc73ad47,
657afcfd,飞迟财富
127dcc6b,比特币;以太坊
8c1959c8,速想购
fb1e695e,惠己达人
621738e4,
15100872,东方视窗;IGOFX
85af15e3,vkmall
f2a82575,
c4350b16,
b3323b80,
2a3b6a3a,随时约
5d3c5aac,盖娅链;以太坊;ALicoin交易所;盖娅全球;火币;盖娅商城
c358cf0f,
b45fff99,以太坊
2d56ae23,暗黑币;聚币网;大唐币
5a519eb5,
caee8324,坤仕影视;盈联影视
bde9b3b2,周转信箱
dd2e3a57,拍拍贷;光汇云油;中融民信;紫米宝贝;民信贷
aa290ac1,创收宝;拓展宝
33205b7b,PTFX普顿;PTFX外汇;MIA米治;鉅富金融;米治外汇;PTFX;PTFX普顿外汇
44276bed,百惠优美
da43fe4e,谱盛科技
ad44ced8,
344d9f62,恒富
434aaff4,大姐花
d3f5b265,好借钱;有米金融;淘钱宝;好期贷;来分期
a4f282f3,钱嗨娱乐
f6036994,江苏银德投资管理有限公司;环球财富
81045902,汇油宝;光汇云油;众储财富
180d08b8,高佣联盟
6f0a382e,币安
f16ead8d,佰益汇
86699d1b,安徽阜阳建筑劳务承包公司;成都市瑞志企业管理咨询有限公司
1f60cca1,点融网;拍拍贷;蜂融网
6867fc37,嘉实基金
f8d8e1a6,
8fdfd130,奥拓资本;AAIG奥拓
ef1858d5,嗨币网;OkfineCoin
981f6843,英皇宝
011639f9,
7611096f,云储蓄;众人帮
e8759ccc,
9f72ac5a,顽皮娃娃;善林金融;好车贷;北京弘毅创融投资有限公司;拉拉财富;成都万年医院;商房所;银盛支付;亿宝贷;爱投资;丽州财富宝
067bfde0,expasset
717ccd76,Pulsemarket
e1c3d0e7,PIEXGO
96c4e071,金沙江联合资本;钱香金融;份钱香金融;钱香
6880441a,红岭创投
1f87748c,
868e2536,
f18915a0,比特狗
6fed8003,乾联国际
18eab095,快鸟金服;快鸟贷款;快鸟;云白条
81e3e12f,
f6e4d1b9,奥美;grmfx外汇平台
665bcc28,
115cfcbe,云朵接码
719b755b,礼品策
069c45cd,DSC
9f951477,中投金汇
e89224e1,
76f6b142,红岭创投;房易贷;融牛在线;拍拍贷
01f181d4,鑫东投资
98f8d06e,海航聚宝汇;聚宝汇
efffe0f8,逸富国际
7f40fd69,
0847cdff,和基外汇
a21f704b,妙月百度;凤推传媒
d51840dd,PlusToken
4c111167,mt4;富宏国际
3b1621f1,管家帮
a572b452,皮城金融
d27584c4,菲特尔国际
4b7cd57e,芒果元宝
3c7be5e8,美逛
acc4f879,IPFS;比诺魔盒
dbc3c8ef,
bb04410a,
cc03719c,雷达币
550a2026,宜人贷;巴巴汇
220d10b0,娃哈哈VKmall;VKmall
bc698513,币果理财
cb6eb585,极客修
5267e43f,献金袋鼠
2560d4a9,
b5dfc938,标荣物联网;标荣集团;山东奥帆都
c2d8f9ae,请你贷;砚下金融
902912c9,
e72e225f,以太坊
7e2773e5,cfx圆汇外汇
09204373,比特猪
9744d6d0,友金所;翼龙贷;永辉超市;合众e贷;信而富;玖富;小赢理财;麻袋理财
e043e646,全民影视;民生影视
794ab7fc,
0e4d876a,
9ef29afb,天河区大象健康科技有限公司
e9f5aa6d,IPFS;IPFS星际矿机;Filecoin;FILECOIN
89322388,河南鑫语电子科技有限公司;心语通讯
fe35131e,弘华集团;弘华佛学院
673c42a4,南昌市民融登中心
103b7232,润通平台;润通商城;润通现货;润通现货交易市场
8e5fe791,
f958d707,吉丰金服;吉丰财富
605186bd,云富
1756b62b,
87e9abba,华宝基金
f0ee9b2c,Libra
c673b54f,
b17485d9,
287dd463,试客小兵;高佣联盟;众人帮;多点科技
5f7ae4f5,趣码
c11e7156,乾包网;小豆钱包;都市钱包;乐易贷
b61941c0,
2f10107a,富格林
581720ec,华登区块宠物狗;华登区块狗
c8a83d7d,稀万外汇
bfaf0deb,共赢资讯
df68840e,正宇控股集团
a86fb498,智慧晶
3166e522,股亿讯
4661d5b4,云支付;承返云支付
d8054017,天策
af027081,牛多宝
360b213b,iPhone;顺天影视
410c11ad,随时约
d1b30c3c,
a6b43caa,SOXEX;波场超级社区
f445d7cd,艾拓思
8342e75b,任性姐
1a4bb6e1,西瓜生活
6d4c8677,浣熊理财;盛新财富
f32813d4,世舟之家
842f2342,豆蔓智投;乾包网;合拍贷
1d2672f8,
6a21426e,
fa9e5fff,侠侣趣味城堡;趣味城堡
8d996f69,小工匠;小工匠匠
ed5ee68c,
9a59d61a,大姐花借款;永利宝;大姐花
035087a0,usg
7457b736,
ea332295,创客链
9d341203,
043d43b9,陀螺世界
733a732f,
e3856ebe,维卡币
94825e28,
6ac6fa43,时空周转
1dc1cad5,
84c89b6f,嘉实资本;潘多拉宝盒
f3cfabf9,特惠赚
6dab3e5a,莱特猫;双子高登区块猫;华登区块狗
1aac0ecc,鼎赢牛;科创板
83a55f76,顺支富
f4a26fe0,SOXEX
641d7271,比特币
131a42e7,嘉盛集团
73ddcb02,爱糯米;AxonomyAPP;ZhaobeiETH;zhaobeiETH;兆贝资本;比特币;Axonomy
04dafb94,科呗链
9dd3aa2e,
ead49ab8,启盈通
74b00f1b,全网乐购
03b73f8d,链车金服;e租宝;青岛海易筹;小诸葛金服;宝澜君业;玖财通
9abe6e37,
edb95ea1,Finci芬吉
7d064330,鼎诚创投
0a0173a6,
a3dd1a7c,辽宁鼎启鑫投资管理有限公司;辽宁锦鼎投资管理有限公司
d4da2aea,
4dd37b50,百瑞赢;信易赢
3ad44bc6,富宏国际
a4b0de65,
d3b7eef3,趣码
4abebf49,福亚全球
3db98fdf,
ad06924e,
da01a2d8,必普;山东必普电子商务有限公司
bac62b3d,PPmoney;乐享宝;红岭创投
cdc11bab,创赢财富
54c84a11,
23cf7a87,新沃投资;文勤资本
bdabef24,万物天使;悦天使
caacdfb2,
53a58e08,鑫银宝
24a2be9e,文语影视;文语影投
b41da30f,
c31a9399,LXFX;捷盈资本
91eb78fe,MBI;mfc
e6ec4868,顺支付;顺支富
7fe519d2,
08e22944,北京城房;清华同方;绿城;上海华联;巨匠手笔
9686bce7,积金通;　　积金通
e1818c71,众人帮
7888ddcb,汇聊;Alpari艾福瑞
0f8fed5d,金管家;商鼎联创
9f30f0cc,虹奥;虹金所;虹奥财富
e837c05a,
88f049bf,金盒子
fff77929,吉悠
66fe2893,皇玛金融
11f91805,ffx
8f9d8da6,鹏润控股;美美理财;美易理财;国美控股
f89abd30,
6193ec8a,招钱进宝;钱宝
1694dc1c,
862bc18d,每日一淘;每日优鲜
f12cf11b,rexmarkfx;LFXM;极致环球
c7b1df78,中联亿配
b0b6efee,衫客
29bfbe54,比特币
5eb88ec2,香蕉浏览器;葡萄浏览器
c0dc1b61,天汇金融
b7db2bf7,PTFX普顿
2ed27a4d,反波胆;反波胆淘金网;淘金网
59d54adb,弘山财富
c96a574a,商机头条
be6d67dc,avatrade
deaaee39,智圣金服;智圣大健康投资有限公司
a9addeaf,香港英皇
30a48f15,奉恩之家;辰麟宝
47a3bf83,IPFS;比特币;Filecoin
d9c72a20,50etf;小课堂;飞客在线;股期权
aec01ab6,
37c94b0c,百盛国际;鸿运信投;金源国际
40ce7b9a,悦天使
d071660b,每日一淘;每日优鲜
a776569d,
f587bdfa,云钱包;趣问
82808d6c,
1b89dcd6,米房借条
6c8eec40,同君财富
f2ea79e3,奇弘集团;7天密码;柒天密码
85ed4975,昆明栋平智能投资平台;栋平智能投资平台;昆明栋平;栋平;掌上宝
1ce418cf,网易视频;网易云信金融;网易云信;飞虎互动
6be32859,利民网;迅雷金融;迅雷金融超市;中再融;迅雷易贷;房贷宝;玩客币;广西南宁宏阔资产管理有限公司;宁阔资产;宜人财富;宏阔资产;知客金融;蜂鸟金融;知商金融
fb5c35c8,挂挂赚
8c5b055e,大通全球
ec9c8cbb,
9b9bbc2d,文语影投
0292ed97,USDCAD
7595dd01,波场;火币;波场超级社区
ebf148a2,贺邦投资;贺邦借贷
9cf67834,普信;普信金服;普信资产
05ff298e,德爱社区;德爱
72f81918,
e2470489,创客链;德光创客
9540341f,AGK金钥匙
6b049074,
1c03a0e2,
850af158,
f20dc1ce,
6c69546d,
1b6e64fb,芒果口袋借款;芒果口袋
82673541,五利合济民;久久联合;利合集团;北京利合济民投资有限公司
f56005d7,
65df1846,
12d828d0,福建华胜达建设有限公司;福建凯裕建设有限公司
721fa135,中瑞财讯
051891a3,南洋国际
9c11c019,迎宝财富
eb16f08f,加油宝;　　加油宝
7572652c,GCMFX;Spelfogel
027555ba,
9b7c0400,恩圣威
ec7b3496,EXPASSET;环球财富;EXP资产
7cc42907,微小宠
0bc31991,万氏;万诺投资;万氏国际
a8815d41,
df866dd7,财汇集;亚财资本;财未来;比财
468f3c6d,越秀金控
31880cfb,比特币
afec9958,
d8eba9ce,上海虹奥金融;虹金所;虹奥财富
41e2f874,达世币;CITEX;以太坊
36e5c8e2,
a65ad573,创客链
d15de5e5,
b19a6c00,高胜投资
c69d5c96,中数信安
5f940d2c,万多福;深圳万多福投资管理公司
28933dba,
b6f7a819,卓越私募;Thecryptobank
c1f0988f,广州泽辉网络科技有限公司;全民影视;盈联影视
58f9c935,钱嗨娱乐
2ffef9a3,四川省金鑫隆餐饮管理有限公司;土豆驾到;锅巴土豆
bf41e432,达世币;CITEX;以太坊
c846d4a4,泰润生物
9ab73fc3,ICMarkets
edb00f55,英皇宝
74b95eef,艾特网能;艾特网
03be6e79,宿爱智能;宿爱超级;宿爱
9ddafbda,Cardiff
eaddcb4c,深圳市前海途歌汽车租赁有限公司;深圳市优体健康管理有限公司;深圳奇速新能源科技有限公司;深圳市绍光车业有限公司;车小喜科技控股有限公司;车小喜
73d49af6,Asiabrand
04d3aa60,优品潮
946cb7f1,风雨无忧
e36b8767,
83ac0e82,小豹科技
f4ab3e14,youbank
6da26fae,花旗证券
1aa55f38,保诚国际;一花一世界
84c1ca9b,微多猫;众人帮;加粉猫
f3c6fa0d,天裕泓盛;优财
6acfabb7,
1dc89b21,老虎外汇
8d7786b0,7来财;鑫湘联;点融网;和信贷;帝鑫1购;卢家帮;慧融财富;鑫聚财
fa70b626,米宅米宅
cced9845,DigiFinex;IDAX
bbeaa8d3,峥嵘财富
22e3f969,文汇阁
55e4c9ff,东方证券
cb805c5c,龙网
bc876cca,上海福袋汇业
258e3d70,fma
52890de6,
c2361077,火萤棋牌
b53120e1,CPCT基金会;CPCT
d5f6a904,mt4
a2f19992,牛牛通宝;遗爱网
3bf8c828,应用试客
4cfff8be,
d29b6d1d,聚汇天下;邦君;必发财;君悠购;猎金影视;邦君悠购
a59c5d8b,广富宝;凡普金科;玖富;爱钱进
3c950c31,
4b923ca7,永柏资本;和信贷
db2d2136,CaresPAY凯蓝仕
ac2a11a0,
fedbfac7,
89dcca51,诺亚财富
10d59beb,
67d2ab7d,豆包金服;金豆包
f9b63ede,加密货币;比特币;XRP　　;币盛汇
8eb10e48,济南得能生物科技有限公司
17b85ff2,亿海智投;亿海配资;天智投
60bf6f64,致享融
f00072f5,亨达外汇
87074263,平安好房
e7c0cb86,IOToken;米奥钱包
90c7fb10,中咖影视;玉卓影视;君迪影视;京都影视;菲兹在线;九号影视;辰威影视;勒沛影视;菲慈在线;顺天影视
09ceaaaa,尧锦资金;尧锦智富
7ec99a3c,企航
e0ad0f9f,创客链
97aa3f09,智多星;ALB拆分盘
0ea36eb3,请你贷;砚下金融;钱伙计
79a45e25,
e91b43b4,e抵快贷
9e1c7322,
6058d749,华夏云商
175fe7df,AvaTrade爱华;AvaTrade;AVATRADE
8e56b665,鲜生友;鲜生友请;圣商;永辉超市
f95186f3,
67351350,莱特国际
103223c6,
893b727c,蔚盈投资;人人爱家;八条鱼;领投鸟;惠盈理财;人人爱家金融;晴天可乐;领投鸟理财;好利网;九药网;宏高财富
fe3c42ea,
6e835f7b,爱汇宝
19846fed,gogofx
7943e608,拓盈投资
0e44d69e,迷你贷;爱贷网
974d8724,和基外汇
e04ab7b2,国远资产
7e2e2211,
09291287,创盈金服
9020433d,
e72773ab,微店商城
77986e3a,英皇金融国际;英皇宝
009f5eac,辰麟宝
a9433776,极客修
de4407e0,
474d565a,西部助贷网;西部助贷
304a66cc,巴蜀商品交易中心;华世联;巴蜀三域ETH数字货币交易中心
ae2ef36f,拼多多;多多进宝
d929c3f9,
40209243,通金所
3727a2d5,毕节市天河城建开发投资有限公司;天河城建;天河城投
a798bf44,借易通
d09f8fd2,侠客行;优教;侠侣联盟
b0580637,诺远资产;汉富资本;SFA超级理财师;债盈宝
c75f36a1,百瑞赢
5e56671b,向前金服;捷越联合
2951578d,
b735c22e,云耕云牧;云联牧场
c032f2b8,hytfx
593ba302,用益资管;东方金钰;海航创新;晋汇基金;鑫元基金;中国中信集团有限公司;国泰君安;涌峰投资;天风证券;中民投
2e3c9394,小豹科技
be838e05,蚂蚁矿池;蚂蚁矿机
c984be93,邦帮堂;小马读财;翼龙贷;惠优贷;集利财富;大唐普惠;海融易;微贷网
9b7555f4,安徽六安长源置业有限公司
ec726562,
757b34d8,顺天影视;乐映影视
027c044e,币果理财
9c1891ed,
eb1fa17b,中能国际
7216f0c1,
0511c057,金机宝;现金速达;金兔宝;摇钱树;米多多
95aeddc6,金盒子
e2a9ed50,小桃微集;小桃头条
826e64b5,智慧晶
f5695423,
6c600599,金柚子
1b67350f,手机宝
8503a0ac,火萤棋牌
f204903a,首投金控;首投理财
6b0dc180,优财;和弘金融;禦和弘
1c0af116,亿米快递
8cb5ec87,汇管家
fbb2dc11,
cd2ff272,商机头条
ba28c2e4,玫琳凯
2321935e,以太;以太森林;以太树;森林集市
5426a3c8,和基外汇
ca42366b,afmfx;afmfx外汇
bd4506fd,安利微购
244c5747,拍拍贷;王卡助手
534b67d1,富友;上有控股;上海上有资产管理有限公司;上有财金
c3f47a40,九龙鼎在线;龙鼎在线
b4f34ad6,
d434c333,极客修
a333f3a5,钱嗨娱乐
3a3aa21f,
4d3d9289,
d359072a,镁客堂
a45e37bc,影特币
3d576606,金融宝宝;佑米金融
4a505690,凯源
daef4b01,托富链
ade87b97,IPFS;星际暴;Filecoin;星际无限
ff1990f0,微云全球
881ea066,喜团
1117f1dc,汉森信托
6610c14a,比特币;APP
f87454e9,万多福;深圳万多福投资管理公司
8f73647f,鑫时光;易享贷;钱包管家
167a35c5,瑞郎币FRCoin;迅雷
617d0553,文汇阁
f1c218c2,
86c52854,借钱周转
e602a1b1,西瓜生活;西瓜币;闪电鸡
91059127,璀璨控股
080cc09d,
7f0bf00b,唐小僧;深圳前海股权交易中心;蜀桑园;资邦财富;雅堂金融;瑞宝力源
e16f65a8,
9668553e,杨方配资;杨方股票配资公司
0f610484,
78663412,大田环球;大田环球贵金属交易平台
e8d92983,中金亿信
9fde1915,冠联投资家园
619abd7e,
169d8de8,维客特
8f94dc52,汇新智;深圳市汇新智科技有限公司
f893ecc4,福建冠海海运有限公司
66f77967,
11f049f1,
88f9184b,温商贷;金贝贝;恒屹投资;盛融在线;车丰汇;今金贷;华悦财富
fffe28dd,趣渔乐;趣步
6f41354c,
184605da,北京时代凯美餐饮管理有限公司;恒信易贷;浙江豪中豪健康产品有限公司;北京弘盛鼎世网络科技有限公司;云托邦;广州市钢都医疗科技有限公司;金殿环球金融投资集团;中福启祥国际投资有限公司
78818c3f,极客修;闪修侠
0f86bca9,火趣必火;火趣视频;火趣小视频;火趣
968fed13,火趣小视频;火趣小
e188dd85,rdcfx
7fec4826,人人聚财;大台子;整存宝;小牛在线;和信贷
08eb78b0,悦享京彩;太平悦享
91e2290a,兴业数金;金田螺
e6e5199c,链塔科技
765a040d,国鑫汇;国鑫汇所
015d349b,星星谈资;星星贷;星企贷;红岭创投
1e2e6b9c,惠富天下
69295b0a,
f0200ab0,众盈
87273a26,泓石金服;上海泓石投资管理有限公司
1943af85,瓜分宝
6e449f13,哈希宝藏;哈希世界;哈希世界地产;网易星球
f74dcea9,GEC
804afe3f,
10f5e3ae,九药网
67f2d338,万汇金宝
07355add,
70326a4b,
e93b3bf1,蚂蚁矿池
9e3c0b67,中盈晟投资;中盈晟
00589ec4,
775fae52,北京云房;启金教育
ee56ffe8,礼赞商城
9951cf7e,远大期货
09eed2ef,
7ee9e279,
2c18091e,巨石财富
5b1f3988,PTFX
c2166832,安亿金融;Alex
b51158a4,江苏百瑞赢
2b75cd07,奉恩之家
5c72fd91,火币大米;比特现金;BCH
c57bac2b,波罗蜜;尊享庄园
b27c9cbd,
22c3812c,
55c4b1ba,
3503385f,创世银库
420408c9,BossToken
db0d5973,
ac0a69e5,福音短视频
326efc46,鸽派商城
4569ccd0,喜团
dc609d6a,加油宝
ab67adfc,国美在线;鹏润控股;美美理财;美易理财;国美控股
3bd8b06d,
4cdf80fb,万能宝
7a42ae98,英皇宝
0d459e0e,存德投资会;存德会;存德投资管理有限公司;英国之宝;存德投资
944ccfb4,比特币
e34bff22,荔枝口袋
7d2f6a81,PPmoney;PPmoney网贷
0a285a17,中盈晟
93210bad,善贷;善贷网;锤钱盆;掌众财富
e4263b3b,
749926aa,Lisinex;oranflag
039e163c,雨果网
63599fd9,借卖网;悟空单车;优库速购
145eaf4f,福建冠海海运有限公司
8d57fef5,万多福;深圳市万多福投资有限公司
fa50ce63,红豆卡;有利网
64345bc0,
13336b56,谋成创汇
8a3a3aec,
fd3d0a7a,
6d8217eb,becho;金帛投资
1a85277d,
4874cc1a,外汇宝;黄金宝
3f73fc8c,翼龙贷;钱来也;微贷网;极光金融
a67aad36,
d17d9da0,秒钱
4f190803,vkmall
381e3895,虎币网
a117692f,富通保险;昆吾九鼎;优博创;九鼎集团;九泰基金
d61059b9,
46af4428,银湖网;贝米钱包;东泽汇;领奇理财;招金猫;领奇财富;安逸投
31a874be,KB数字资产兑换平台
516ffd5b,甩甩宝宝
2668cdcd,米缸金融;富管家;天安财险
bf619c77,全球购;海豚号
c866ace1,金富国际金融外汇平台
56023942,XAUUSD
210509d4,91金融;金融谷;增值宝
b80c586e,斯盛股份;斯盛能源;湖南斯盛
cf0b68f8,
5fb47569,币创交易所
28b345ff,创泰科技;中聚明投
d6f7e194,
a1f0d102,金源财富
38f980b8,金元卡
4ffeb02e,趣味嗨聊;大众分期
d19a258d,黑蚂蚁管家
a69d151b,黑龙江天宸投资有限公司;天宸投资
3f9444a1,远特喜牛
48937437,信而优
d82c69a6,
af2b5930,
cfecd0d5,小米有品
b8ebe043,
21e2b1f9,手机宝
56e5816f,EBC教育区块链
c88114cc,
bf86245a,福瑞斯;Netflix;福瑞斯金融
268f75e0,
51884576,
c13758e7,
b6306871,SKY蓝天国际;SKY云世纪
1fec01ab,软银支付
68eb313d,福亚全球
f1e26087,FAC时尚链
86e55011,惠己达人
1881c5b2,雷达币
6f86f524,蓝晶社
f68fa49e,华盛资本;香港华盛资本
81889408,
11378999,汇信天下
6630b90f,汇付天下;深圳财富天下;国诚金融;车丰汇;一亿财富天下;酷盈网
06f730ea,速达国际;富宏国际
71f0007c,天汇金融
e8f951c6,
9ffe6150,恒天集团
019af4f3,奶酪生活;币易
769dc465,GreatProfitGlobalLimited
ef9495df,Jojomarkets;博爱儿童康健园;jojomarkets
9893a549,IEXOTC
082cb8d8,
7f2b884e,
2dda6329,神州专车
5add53bf,远特喜牛
c3d40205,实德国际;POFX
b4d33293,全球看点
2ab7a730,
5db097a6,以太坊;中科华焱;龙爱量子;科呗;KBA;任务帮帮;科呗数字资产
c4b9c61c,广州泽辉网络科技有限公司;全民影视;盈联影视
b3bef68a,
2301eb1b,AvaTrade
5406db8d,绿狗网;日日红;日日红投资;易宝支付
34c15268,海南文昌;海南文昌建筑公司;成都市瑞志企业管理咨询有限公司
43c662fe,同创期权
dacf3344,广州尚洁科技有限公司;德势力
adc803d2,哈哈嗨团;嗨团;嗨团团购
33ac9671,汇心商城
44aba6e7,南昌市民融登中心
dda2f75d,琼华网
aaa5c7cb,
3a1ada5a,合众e贷;牛牛金服;口袋理财;金诺宝
4d1deacc,
7b80c4af,
0c87f439,小米有品有鱼;有品有鱼;小米有品
958ea583,中德海投资;中德海投资管理有限公司
e2899515,泰木谷;养鸡大亨;酒链世界;小酷鱼;乐酿宝;高佣联盟;乐呗
7ced00b6,
0bea3020,
92e3619a,多拉币
e5e4510c,衫客
755b4c9d,中能国际
025c7c0b,
629bf5ee,芒果口袋
159cc578,理想家园;LX商城
8c9594c2,
fb92a454,
65f631f7,韦业道金
12f10161,afxgc外汇平台
8bf850db,港股速递
fcff604d,币安
6c407ddc,景林资本
1b474d4a,锦欣生殖
49b6a62d,gtfx
3eb196bb,
a7b8c701,铜板街;玖富;融牛在线;融牛之家
d0bff797,聚汇天下
4edb6234,sto
39dc52a2,
a0d50318,魔幻宝石屋
d7d2338e,法援利民社;51策略赢
476d2e1f,金字火腿;中钰资本
306a1e89,以太坊
50ad976c,牧宝;蚂蚁花呗;牧宝理财
27aaa7fa,币果;币果理财
bea3f640,未来网
c9a4c6d6,亦跑
57c05375,亿高金业;万銮国际
20c763e3,
b9ce3259,MGK平台
cec902cf,鲁多多
5e761f5e,宏源国际;天裕泓盛;中恒策略;海贝国际;艾斯国际
29712fc8,密安链;银湖网;利魔方;密安币;VV农场
d7358ba3,民佑资本;plustoken;Plustoken
a032bb35,金谷影视
393bea8f,向上金服;北京捷越联合信息咨询有限公司;捷越联合
4e3cda19,有信钱包
d0584fba,景鸿教育;景鸿集团;景鸿移民
a75f7f2c,SETLTOKEN
3e562e96,手机宝
49511e00,手机宝
d9ee0391,萌萌牛;小狗小狗
aee93307,现金借款
ce2ebae2,Wpay;wpay
b9298a74,
2020dbce,佰益汇
5727eb58,优拜单车
c9437efb,全民外贸
be444e6d,
274d1fd7,客福天下;客天下
504a2f41,
c0f532d0,红楼财团
b7f20246,科大讯飞;BlizzardChallenge
1daabff2,
6aad8f64,闪电鸡
f3a4dede,
84a3ee48,8戒有财;金猫在线
1ac77beb,
6dc04b7d,嘉合基金
f4c91ac7,海洋社区;润通现货
83ce2a51,挂挂赚;全民资讯网
137137c0,OKGEX
64760756,香港远大期货
04b18eb3,优生活;优可生活
73b6be25,
eabfef9f,亿米商城
9db8df09,
03dc4aaa,拉勾农场;88农场
74db7a3c,
edd22b86,瑞景之家
9ad51b10,龙虾发财
0a6a0681,淘气;淘气天尊
7d6d3617,WISTONFX威石;WISTONFX
2f9cdd70,金峯策略
589bede6,时视影业;余X宝
c192bc5c,普信;普信金服;普信资产
b6958cca,
28f11969,
5ff629ff,
c6ff7845,金猪十亿;高胜投资
b1f848d3,远特时空喜牛;远特时空
21475542,dme鸿汇国际
564065d4,奇弘集团
3687ec31,善贷;善贷网;广西善贷
4180dca7,幸福钱庄;重信金服;蜜蜂有钱;多米金融;合盘贷;拍拍贷;亿宝贷;中融投
d8898d1d,托富链
af8ebd8b,
31ea2828,京信链;网盛;生意宝
46ed18be,hadax
dfe44904,嗨团
a8e37992,
385c6403,问心家园;以太坊
4f5b5495,BafeEx交易所;BafeEⅹ交易所
79c67af6,
0ec14a60,
97c81bda,臻牛所
e0cf2b4c,
7eabbeef,爱转机;有脉金控
09ac8e79,
90a5dfc3,微信跑分
e7a2ef55,博美;博美外汇
771df2c4,致享融
001ac252,
60dd4bb7,
17da7b21,霸屏天下;麦小贱
8ed32a9b,牛钱网;新湖期货
f9d41a0d,
67b08fae,微多猫
10b7bf38,PTFX普顿;普顿外汇;PTFX外汇;鉅富金融;PTFX;PTFX普顿外汇;海汇国际
89beee82,壹键哥;中潮金服
feb9de14,聚梦;imtoken;聚梦社区;MGCtoken;以太坊
6e06c385,
1901f313,
4bf01874,
3cf728e2,云尊集团;winbitex;云尊
a5fe7958,实德环球金业
d2f949ce,创盈金服
4c9ddc6d,
3b9aecfb,商机头条
a293bd41,钱程策略;钱程无忧
d5948dd7,领先外汇
452b9046,iotoken米奥
322ca0d0,VKmall
52eb2935,融贝网
25ec19a3,小米机器人
bce54819,活力宝宝网;北大青鸟金融
cbe2788f,u币贷
5586ed2c,君如资产;泰山基金
2281ddba,
bb888c00,文汇阁
cc8fbc96,
5c30a107,太平悦享京彩;悦享京彩;太平悦享
2b379191,以太坊
d57335fa,
a274056c,
3b7d54d6,温商贷;玖富钱包
4c7a6440,诺德基金
d21ef1e3,优品潮
a519c175,小益;拆分联盟
3c1090cf,东霖国际;惠恩商城
4b17a059,可嗳吉米童装;润一财富;尚研国际;科恩森
dba8bdc8,智选天下
acaf8d5e,平安好房
cc6804bb,速想购
bb6f342d,
22666597,潜隆贷;金蛋理财;金蛋;诚乾贷
55615501,
cb05c0a2,睿新策略;睿新在线
bc02f034,邻趣
250ba18e,
520c9118,三剑客;人脉众筹
c2b38c89,广州天河区大象健康科技有限公司;天河区大象健康科技有限公司;杨骅力健康猫
b5b4bc1f,
1c68d5c5,小米有品有鱼;有品有鱼小米有品有鱼;有品有鱼
6b6fe553,比特币;以太坊
f266b4e9,
8561847f,全球麦
1b0511dc,中恒策略
6c02214a,LITEX;以太坊;LITEX商城
f50b70f0,盛世华彩
820c4066,唐卡理财
12b35df7,宗客网
65b46d61,企叮咚
0573e484,链得得
7274d412,汇新智;汇新智配资
eb7d85a8,
9c7ab53e,番呗商城;借贷宝
021e209d,afmfx
7519100b,
ec1041b1,芝麻分;小鲨易贷;玖富叮当贷;招联好期贷;富叮当贷
9b177127,钱宝
0ba86cb6,MGK
7caf5c20,靠谱鸟
2e5eb747,
595987d1,常德市立信投资管理有限公司;湖南坤海新能源投资管理有限公司
c050d66b,融易帮帮
b757e6fd,杨方配资
2933735e,全球看点;GlobalSpot
5e3443c8,
c73d1272,普资金服
b03a22e4,
20853f75,
57820fe3,微店商城
37458606,
4042b690,e抵快贷
d94be72a,春鸿果业
ae4cd7bc,小龟软件
3028421f,澳蓝智康
472f7289,ASIC;AFMFX
de262333,
a92113a5,好会理财;德众金融;禧龙来;车丰汇;果拾金融;中仁财富;拍拍贷
399e0e34,黄金原油;DCOFX
4e993ea2,中德海投资;青海中德海投资管理有限公司
780410c1,长发小寨;优鲜;赞播优鲜
0f032057,AvaTrade爱华;AvaTrade;AVATRADE
960a71ed,
e10d417b,和茶商城;青岛泓睿云商网络科技有限公司
7f69d4d8,FCOIN;Fcoin;FCoin全家桶;尼玛交易所
086ee44e,艾特链;趣步;以太坊
9167b5f4,微小宠
e6608562,付融宝;员工宝;投哪网
76df98f3,闪步
01d8a865,秦川策略;优财
611f2180,优可;优可生活;米奇生活;米奇;优势米奇;米奇智能
16181116,银盛集团;银盛金融
8f1140ac,乐洁时代
f816703a,羊毛学堂;金蛋理财
6672e599,平安普惠
1175d50f,恒安嘉新;启明星辰;恒安嘉
887c84b5,钱嗨娱乐
ff7bb423,奇牛国际
6fc4a9b2,
18c39924,万宝路;布雷顿森林;漂亮50
4a327243,
3d3542d5,
a43c136f,
d33b23f9,北京红杉壹本投资有限公司
4d5fb65a,合众e贷;人人贷;微贷网;麻袋财富
3a5886cc,APJFX
a351d776,
d456e7e0,牛钱;牛钱网
44e9fa71,秒钱理财
33eecae7,光大信托
53294302,云世纪;SKY云世纪;sky云世纪
242e7394,
bd27222e,mccaleb;mtgox
ca2012b8,米缸金融;天安财险;天安金交中心
5444871b,微银金服;投哪网
2343b78d,
ba4ae637,陕西红杉投资管理有限公司;红杉财富;西安飞源胜商贸有限公司
cd4dd6a1,金柚子
5df2cb30,中元天颐交易中心;中元天颐;众诚
2af5fba6,惠富天下
d4b15fcd,小猫来财
a3b66f5b,Horizen;ExinPool
3abf3ee1,猫星人
4db80e77,
d3dc9bd4,mmm金融互助平台;3m理财;mmm;3MMM金融互助平台;MMM金融互助平台
a4dbab42,董事惠
3dd2faf8,聚汇天下
4ad5ca6e,翼龙贷;粤财信托;拍拍贷
da6ad7ff,比特币;币安;火币网
ad6de769,云集品;云联惠
cdaa6e8c,筑家在线
baad5e1a,亿品赞;亿品
23a40fa0,邦富在线
54a33f36,清宴宝
cac7aa95,笛派斯;法助无忧
bdc09a03,高朋金融
24c9cbb9,大圣理财;善林金融;小猪理财;草根投资;大时贷;宜人财富;金福财富;ppmoney;爱投资
53cefb2f,兴亚币;兴亚币网;牛领
c371e6be,艾特网能;艾特网
b476d628,微信跑分
1927c340,ECLIPX;弘基金融;合欣国际;安信金控
6e20f3d6,理想家园;红酒云商城
f729a26c,APJFX;今日头条
802e92fa,索星金服;正道金服;点融网;民信;民信贷;中融民信
1e4a0759,
694d37cf,创投大师
f0446675,
874356e3,保诚国际
17fc4b72,你我贷;宜人贷;嘉财宝;融牛在线;嘉利宝;融牛之家
60fb7be4,诚者聚
003cf201,诺德基金
773bc297,币安;火币网
ee32932d,英皇金融;AJPFX;中元天颐;威海中元天颐文化产权交易中心有限公司
9935a3bb,
07513618,闻喜配资
7056068e,狗狗币
e95f5734,聚合钱包
9e5867a2,钱嗨娱乐
0ee77a33,熊猫
79e04aa5,
2b11a1c2,淘气天尊;科创板
5c169154,盐津铺子
c51fc0ee,巨丰学苑;巨丰投顾
b218f078,猎金全民影视;全民影视;猎金集团
2c7c65db,
5b7b554d,
c27204f7,
b5753461,万权创服
25ca29f0,飞迟财富
52cd1966,小兔救急
320a9083,
450da015,
dc04f1af,恩焙优品
ab03c139,藤蔓资产
3567549a,恩圣威;艾拓思
4260640c,
db6935b6,
ac6e0520,远大期货
3cd118b1,max
4bd62827,
7d4b0644,
0a4c36d2,max
93456768,联创策源;亲殿影视
e44257fe,超级人脉
7a26c25d,云达互助;云达互助系统
0d21f2cb,俞丰财富金融;俞丰财富
9428a371,普信;普信金服;普信资产
e32f93e7,华禹钧瓷
73908e76,贝福特
0497bee0,雷达币;比特币;Radar;瑞波币
64503705,微信跑分
13570793,网乐购;全网乐购
8a5e5629,献金袋鼠
fd5966bf,友信;友信一生
633df31c,Cardiff
143ac38a,微淘
8d339230,瑞郎币FRCoin;迅雷
fa34a2a6,鑫隆创投;7来财;佳乾财富;17来财
6a8bbf37,弘基金融;弘毅信投
1d8c8fa1,oumy·欧迈集团
4f7d64c6,先汇国际
387a5450,smallplatf;比特币
a17305ea,四达投资
d674357c,誉鑫国际
4810a0df,北京红杉壹本投资有限公司
3f179049,淘币网;维基链
a61ec1f3,
d119f165,FShares;FSharesDEX交易所;FSharesDEX
41a6ecf4,
36a1dc62,Mchain
56665587,　　牛汇;BFS牛汇;BFS牛汇公司
21616511,慧盈理财
b86834ab,秦川策略
cf6f043d,和茶商城;青岛泓睿云商网络科技有限公司
510b919e,恒信集团;恒信环球投资
260ca108,
bf05f0b2,硕威投资
c802c024,
58bdddb5,盖娅;盖娅链
2fbaed23,
d1fe4948,创客链
a6f979de,小龟软件
3ff02864,诺德基金
48f718f2,向前金服;捷越联合
d6938d51,有道智投;你我贷
a194bdc7,皇御环球
389dec7d,上海福袋汇业
4f9adceb,每日一淘;每日优鲜
df25c17a,
a822f1ec,拾贝投资;华润信托
c8e57809,百益策略
bfe2489f,养鹿啦
26eb1925,芒果元宝
51ec29b3,万通;万通融资
cf88bc10,全球看点;爱打卡;流量魔盒
b88f8c86,Axonomy
2186dd3c,链信国际;链信
5681edaa,
c63ef03b,雷达钱包;雷达财富
b139c0ad,众生策略
18e5a977,以太坊
6fe299e1,
f6ebc85b,信汇伙伴
81ecf8cd,富管家;宁富盈
1f886d6e,微银金服;投哪网
688f5df8,淘优乐
f1860c42,太原云信金融外包服务有限公司;乐先花;自由钱袋
86813cd4,闪步
163e2145,阿尔泰
613911d3,福音短视频;以太坊
01fe9836,
76f9a8a0,蚂蚁币;鑫财富;九霄商城;广州云顶娱乐有限公司;蚂蚁淘金
eff0f91a,翁岭财富;季翁岭投资;季翁岭财富
98f7c98c,瑞郎币FRCoin;迅雷
06935c2f,链天下
71946cb9,泛海控股
e89d3d03,金殿环球金融投资集团;广州广赢投资管理有限公司;金殿环球
9f9a0d95,嗨团;嗨团团购
0f251004,Coinbkb交易所;Coinbkb
78222092,百利汇
2ad3cbf5,联合币
5dd4fb63,CPCT平台;—CPCT;CPCT
c4ddaad9,标荣物联网;标荣集团;标荣物联网科技有限公司;博海网
b3da9a4f,海银会;民商智惠;海银金控
2dbe0fec,虎符钱包;Algorand
5ab93f7a,
c3b06ec0,洛安期货
b4b75e56,
240843c7,
530f7351,清宴宝
33c8fab4,
44cfca22,波场币
ddc69b98,
aac1ab0e,空投;全球看点;易拉宝;趣步
34a53ead,欧特币
43a20e3b,崛起金融;天心禅
daab5f81,凤凰金融
adac6f17,雷蛇;汉富资本;汉富控股
3d137286,鲜蜂教育;顺天影视;大众额
4a144210,唯存信;存信理财;唯存信理财
7c896c73,Matrix;加密借贷;Matrixport;ShapeShift
0b8e5ce5,和基外汇
92870d5f,帕克金融;香港富盈
e5803dc9,万政;万政集团;河南万政
7be4a86a,币天下
0ce398fc,
95eac946,先汇;先汇国际
e2edf9d0,创客链
7252e441,昊鑫隆;佳佳购
0555d4d7,
65925d32,APP;华开金控;蜜葡萄
12956da4,顺骑共享科技有限公司;顺骑
8b9c3c1e,忠汇国际
fc9b0c88,Vpay;vpay;VpayCoin;速通宝;Vpay钱包
62ff992b,中瑞财讯
15f8a9bd,捷越联合
8cf1f807,e投睿
fbf6c891,酷骑单车;浩沙健身
6b49d500,未来集市
1c4ee596,火币钱包
4ebf0ef1,手机赚赚
39b83e67,高朋金融
a0b16fdd,sakim外汇平台
d7b65f4b,点点;点点下;点点下贷
49d2cae8,
3ed5fa7e,GEC环保币;GEC币
a7dcabc4,
d0db9b52,友信证券;友信金服;友信智投
406486c3,北京中泽鑫盛投资有限公司;萌橙理财
3763b655,
57a43fb0,江苏天鼎投资咨询有限公司;英唐智控
20a30f26,利辉财富;利辉乾财富;辉乾财富
b9aa5e9c,保尊宝;平安理财
cead6e0a,
50c9fba9,千信;世纪金业
27cecb3f,锦欣生殖;云南沃森生物技术股份有限公司;沃森生物
bec79a85,
c9c0aa13,亚泰坊;慧民大众;青岛兴长源大数据科技有限公司;以太坊
597fb782,北京中泽鑫盛投资有限公司
2e788714,
d03c237f,蜜蜂乐园;金汇泰;龙腾盛世
a73b13e9,鼎诚创投
3e324253,鑫隆创投;开鑫贷;蛋糕理财;蛋糕财富;福翔创投;金e贷;积木盒子;爱投资
493572c5,闪步
d751e766,
a056d7f0,小凡人
395f864a,汇联智投
4e58b6dc,优享财富;会买联盟
dee7ab4d,众盈;众盈外汇资管;伟创国际
a9e09bdb,
c927123e,诚汇金业;快盈财汇
be2022a8,太阳神
27297312,汇新智;汇新智配资
502e4384,
ce4ad627,远大期货
b94de6b1,时视影业
2044b70b,
5743879d,
c7fc9a0c,杨方配资
b0fbaa9a,粉像生活;粉象生活
1aa3172e,银企通;深圳前海裕伦商业保理有限公司
6da427b8,长沙市金仕达商务咨询有限公司
f4ad7602,
83aa4694,比特币;PlusToken
1dced337,UFO链
6ac9e3a1,智慧晶
f3c0b21b,
84c7828d,FBC区块链天睿;FBC区块链
14789f1c,麦点商城;大叔文
637faf8a,吉林鼎邦集团
03b8266f,卓越私募;Thecryptobank
74bf16f9,赚赚熊
edb64743,
9ab177d5,辉立国际
04d5e276,玩客币
73d2d2e0,喵赞
eadb835a,昶昱黄金;国民金库
9ddcb3cc,
0d63ae5d,
7a649ecb,OTM奥美外汇
289575ac,
5f92453a,DRC;榴莲微视
c69b1480,百川理财币
b19c2416,
2ff8b1b5,沃牛资本;鑫银宝
58ff8123,金储宝;多米金融
c1f6d099,etfx
b6f1e00f,实惠资产;EA智能交易;USGFX联准国际;亨英集团;usgforex;PTFX;海汇国际
264efd9e,以太币;天王链;以太坊
5149cd08,YouBank;youbank;Youbank;以太坊
318e44ed,
4689747b,清果普惠
df8025c1,
a8871557,居泽地产有限公司;壹彤地产
36e380f4,联贝德
41e4b062,火萤棋牌
d8ede1d8,
afead14e,聚爱财
3f55ccdf,中德海投资
4852fc49,
7ecfd22a,FXOPENECN;FXOpen;FXOPEN
09c8e2bc,AGK;AGK金钥匙;AGK拆分盘
90c1b306,皇玛金融
e7c68390,先汇国际
79a21633,春鸿果业
0ea526a5,榴莲微视;逗趣微视
97ac771f,安亿并观;安亿金融
e0ab4789,泰濠银汇
70145a18,雷达币;比特币
07136a8e,
67d4e36b,呼呼出行
10d3d3fd,存德投资管理有限公司;存德;存德投资
89da8247,空投;全球看点
feddb2d1,乾润华创
60b92772,
17be17e4,CPCT;以太坊
8eb7465e,英皇金融国际
f9b076c8,中鼎国服
690f6b59,玖富;悟空理财
1e085bcf,川商联宗商品交易中心
4cf9b0a8,文语影视;文语影投
3bfe803e,保诚国际
a2f7d184,世联资产
d5f0e112,
4b9474b1,卓恒影视
3c934427,永利金融;永利金控
a59a159d,雷电速贷;速贷;任性放;金机宝
d29d250b,派派猪理财;派派猪
4222389a,万多福
3525080c,融成保理;融智天下
55e281e9,恒富
22e5b17f,
bbece0c5,百倍星球
ccebd053,嘉盛外汇
528f45f0,创客链
25887566,云尊链;WINBITEX
bc8124dc,AGK;AGK财富学府;AGK理财
cb86144a,惠富天下
5b3909db,美人团
2c3e394d,
d27a9d26,
a57dadb0,ALGO;比特币;Algorand
3c74fc0a,ALB
4b73cc9c,
d517593f,汇管家
a21069a9,布尔金融
3b193813,
4c1e0885,牧宝;牧宝理财
dca11514,拓盈
aba62582,人人树;码链;曙光互助
cb61ac67,
bc669cf1,维客特
256fcd4b,金瑞财富;红八财富;点融网;琮碧秋实财富;迎宝财富;快约金服
5268fddd,
cc0c687e,百裕期货
bb0b58e8,
22020952,鑫汇国际影城;鑫汇影城
550539c4,博林环球集团;博林环球
c5ba2455,比特狗;趣步
b2bd14c3,英特币;无限增发;霍特币
1b617d19,维客特
6c664d8f,西瓜生活;奇迹
f56f1c35,
82682ca3,
1c0cb900,
6b0b8996,华禹钧瓷
f202d82c,科大讯飞;BlizzardChallenge
8505e8ba,长发小寨;优鲜;赞播优鲜
15baf52b,
62bdc5bd,保诚国际
027a4c58,昆山摩尔投资管理有限公司
757d7cce,币达财富
ec742d74,叮咚生活;YoKlLife优可生活;优可生活
9b731de2,豹付;豹付钱包
05178841,融牛在线
7210b8d7,—THEEND—;鹏华全球
eb19e96d,企鹅联萌
9c1ed9fb,
0ca1c46a,
7ba6f4fc,老虎外汇
29571f9b,鼎诚创投
5e502f0d,米缸金融;富管家;天安财险;天安金交中心
c7597eb7,aet外汇
b05e4e21,真融宝;花木金融;甬e贷;招金猫;多米金融;快点理财;啄米理财;甬E贷
2e3adb82,维客特
593deb14,普信;普信金服;征和惠通;普信资产;征和控股
c034baae,瑞波币;微云全球
b7338a38,唐卡全球公盘;唐卡全球
278c97a9,
508ba73f,大姐花
304c2eda,闻喜配资
474b1e4c,中聚明投平台
de424ff6,文语影投
a9457f60,美酷家
3721eac3,季翁岭财富;季翁岭投资有限公司;云南季翁岭投资有限公司
4026da55,
d92f8bef,
ae28bb79,万众商城
3e97a6e8,趣养鸡
4990967e,优可生活
7f0db81d,
080a888b,众赞;盛世传家宝;富通
9103d931,
e604e9a7,钱方好近
78607c04,恒通大宗
0f674c92,淘优乐
966e1d28,成都市瑞志企业管理咨询有限公司
e1692dbe,贵州黔中生态茶交易中心有限公司;黔中生态茶交易中心;贵州省黔中生态茶交易中心有限公司;贵州省黔中生态交易中心有限公司
71d6302f,
06d100b9,四海众投;网汇贷;小马金融咨询服务有限公司;乐金所
6616895c,慧盈理财
1111b9ca,PTFX普顿;PTFX;普顿外汇;PTFX普顿外汇
8818e870,聚生财富;和平影视;聚胜财富
ff1fd8e6,黄金钱包
617b4d45,钱香金融;平安人寿;钱香
167c7dd3,智慧晶
8f752c69,火萤棋牌
f8721cff,壹彤集团;壹彤地产
68cd016e,西安金控
1fca31f8,coinbkb交易所
4d3bda9f,客福天下;客天下
3a3cea09,众享享;独享享;蚂蚁花呗;小桃微集
a335bbb3,
d4328b25,海贝国际
4a561e86,SOXEX;波场超级社区
3d512e10,
a4587faa,海南曲全财富;曲全财富
d35f4f3c,i云保
43e052ad,天裕泓盛;天裕泓盛业
34e7623b,
5420ebde,
2327db48,请你贷;砚下金融;易易金服
ba2e8af2,小咖币;链行;以太坊
cd29ba64,维客特
534d2fc7,趣渔乐
244a1f51,钻石分期
bd434eeb,腾邦现货
ca447e7d,利合济民;久久联合;利合集团;北京利合济民投资有限公司;五利合济民
5afb63ec,领秀;LX领秀;领秀国际;LX领秀国际
2dfc537a,链城;链城易购;易启赚;链城亿购
d3b8f711,
a4bfc787,蚂蚁森林;趣步;以太森林
3db6963d,玖富;悟空理财;玖富集团
4ab1a6ab,天宸投资
d4d53308,攒钱猪;干股帮;招财猫
a3d2039e,比特狗
3adb5224,奥美外汇;奥美信托
4ddc62b2,众人帮;赏多宝
dd637f23,
aa644fb5,行云运动
caa3c650,鲸交所
bda4f6c6,
24ada77c,红果子庄园;红果子
53aa97ea,旷工传奇;币虎全球
cdce0249,
bac932df,万政;万政集团;河南万政
23c06365,车享豆;车享魔方;车享链
54c753f3,川泽外汇
c4784e62,海贝国际
b37f7ef4,福建华胜达建设有限公司;福建凯裕建设有限公司
103d3a24,中盈晟投资;中盈晟
673a0ab2,如意宝;金机宝;任性放
fe335b08,
89346b9e,蹦蹦网
1750fe3d,中峻国服
6057ceab,
f95e9f11,高朋金融
8e59af87,鬼才永安;卡盟金服
1ee6b216,
69e18280,
09260b65,现金借款
7e213bf3,
e7286a49,
902f5adf,AIAForex
0e4bcf7c,信阳蘑菇生物科技有限公司;BENZ
794cffea,泛亚交易
e045ae50,文语影投
97429ec6,特惠赚
07fd8357,深圳聚电智能科技股份有限公司;聚电;瀛和;金石资本;聚电智能
70fab3c1,
220b58a6,车享豆;车享魔方;车享链
550c6830,艾特链;ARTC
cc05398a,COINBIG
bb02091c,通金所
25669cbf,德融财富
5261ac29,素店
cb68fd93,米宅龙湖
bc6fcd05,乐块加密王座;加密王座;爱糯米;MIXMARVEL;SMARTVALOR;Axonmoy;Axonomy社区;SMARTVALORAG;Axonomy;DBA基金会
2cd0d094,
5bd7e002,富管家
3b1069e7,爱善贷
4c175971,天驰君泰;金色木棉;锦安财富;卡拉卡尔;意隆财富;天神娱乐;锦安基金
d51e08cb,榴莲微视
a219385d,菠菜理财;掌悦理财;巨潮金融;象象财富
3c7dadfe,艾拓思外汇
4b7a9d68,Filecoin;中创融
d273ccd2,HFNEX
a574fc44,素店
35cbe1d5,朵拉;现朵拉
42ccd143,平安交易通
7451ff20,
0356cfb6,
9a5f9e0c,
ed58ae9a,北京红杉壹本投资有限公司
733c3b39,嘉联支付
043b0baf,钱香金融;麻袋财富
9d325a15,启金教育
ea356a83,
7a8a7712,becho
0d8d4784,献金袋鼠
6d4ace61,向前金服;捷越联合
1a4dfef7,金柚子;金柚子借款
8344af4d,丰盛金融投资有限公司
f4439fdb,
6a270a78,
1d203aee,中盈晟投资;中盈晟
84296b54,神州专车
f32e5bc2,环球捕手
63914653,
149676c5,尚融网贷
46679da2,
3160ad34,周转金服
a869fc8e,汇盈通
df6ecc18,俞丰财富金融;俞丰财富
410a59bb,PTFX普顿;普顿外汇;米治;PTFX外汇;MIA米治;鉅富金融;PTFX;PTFX普顿外汇
360d692d,
af043897,东方金钰;可信贷;钱管家
d8030801,维客特
48bc1590,
3fbb2506,微推推
5f7cace3,上海紫景鼎网络科技有限公司
287b9c75,趣享付
b172cdcf,惠己达人
c675fd59,FN未来网
581168fa,ADC
2f16586c,享车加油;享车
b61f09d6,
c1183940,汇新智;汇新智配资
51a724d1,UnWallet
26a01447,
d8e4b02c,标荣物联网;恒兴煤炭有限公司;标荣集团;标荣物联网科技有限公司
afe380ba,
36ead100,
41ede196,龙爱;龙爱量子
df897435,淘乐惠
a88e44a3,羊毛帝
31871519,亦跑
4680258f,国惠投资
d63f381e,嘟嘟生活
a1380888,
c1ff816d,
b6f8b1fb,芬客君;马上消金
2ff1e041,海兵淘宝
58f6d0d7,
c6924574,小龟软件
b19575e2,铂诺安盈;铂诺财富
289c2458,全民推广圈;全民推
5f9b14ce,
cf24095f,天裕泓盛
b82339c9,
11ff5013,新亚金控;金管家;普惠金融;商鼎联创
66f86085,水瑶黎;一点通;水瑶黎在线
fff1313f,逸富国际
88f601a9,同创期权
1692940a,华夏云商
6195a49c,陕西红杉投资管理有限公司;红杉财富;西安飞源胜商贸有限公司
f89cf526,优品潮
8f9bc5b0,筑家在线
1f24d821,
6823e8b7,图腾贷
08e46152,诺德基金
7fe351c4,翼龙贷;钱来也;极光金融
e6ea007e,欧特币
91ed30e8,
0f89a54b,
788e95dd,泰禾人寿;大新金融;大新人寿
e187c467,爱善贷
9680f4f1,花生米富;小金袋
063fe960,网盛;生意宝
7138d9f6,
23c93291,掌上花;造艺科技
54ce0207,
cdc753bd,富管家;天安金交
bac0632b,辣妈总管
24a4f688,Imcash
53a3c61e,小象金融;酷盈网
caaa97a4,APP;蜜葡萄
bdada732,粉涩商城;粉涩
2d12baa3,帮芒拼
5a158a35,币增宝
3ad203d0,盐津铺子
4dd53346,大姐花
d4dc62fc,皖新传媒;良卓资管;良卓资产管理有限公司;良卓资产;德邦股份;丰圣资产;卡得万利
a3db526a,U聚宝;UICC联养链;联养链
3dbfc7c9,
4ab8f75f,现金借款;有利网
d3b1a6e5,泰瑞币TERA;TERA
a4b69673,秒钱理财
34098be2,AXE;大C网;蚂蚁矿池;CITEX;以太坊
430ebb74,番呗商城
75939517,
0294a581,亚泰坊;慧民大众;青岛兴长源大数据科技有限公司;以太坊
9b9df43b,横琴新区稀贵交易中心有限公司
ec9ac4ad,粉像生活;粉象生活;粉象在手
72fe510e,崛起金融
05f96198,拉卡盟;卡盟金服
9cf03022,大众分期
ebf700b4,首投理财
7b481d25,简啦啦
0c4f2db3,长征财富
6c88a456,OGH
1b8f94c0,蚂蚁窝
8286c57a,点点啦
f581f5ec,MGCTOKEN;MGCToken
6be5604f,gkfx
1ce250d9,人人影
85eb0163,猎金全民影视;全民影视;猎金影视;猎金集团
f2ec31f5,智慧晶;全球看点;阅读宝
62532c64,轻易贷;融投贷;一诚一贷
15541cf2,金中宝;钱宝
47a5f795,永利宝;工资管家
30a2c703,瑞景之家
a9ab96b9,启信宝;Tokenstore;BossToken
deaca62f,毕节市天河城建开发投资有限公司;天河城建;天河城投
40c8338c,琼华网
37cf031a,
aec652a0,伊思多尔
d9c16236,太平富贵尊;悦享京彩;太平悦享
497e7fa7,京都世纪影投;京都世纪影视
3e794f31,玩客币
5ebec6d4,享链
29b9f642,
b0b0a7f8,
c7b7976e,东霖国际
59d302cd,比特币;广信贷
2ed4325b,金秋财富
b7dd63e1,
c0da5377,抹茶交易所;Odaily标星;百倍币;币安
50654ee6,众人推
27627e70,众盈;嘉盛外汇
d926da1b,
ae21ea8d,先汇国际
3728bb37,
402f8ba1,
de4b1e02,请你贷;砚下金融
a94c2e94,加密货币;MGCTOKEN;以太坊;MGCToken
30457f2e,盈联影视
47424fb8,OTM奥美外汇
d7fd5229,粉涩商城;粉涩未来;粉涩
a0fa62bf,
c03deb5a,expasset亚斯特
b73adbcc,
2e338a76,
5934bae0,
c7502f43,IPFS;orIPFS
b0571fd5,PTFX普顿;普顿外汇;　　PTFX普顿外汇;PTFX;PTFX普顿外汇
295e4e6f,京信链;云鼎基金;云鼎视点;网盛;生意宝
5e597ef9,心语通讯
cee66368,
b9e153fe,鼎诚创投
83f95325,百信通国际;百信通
f4fe63b3,
6df73209,
1af0029f,Singularity;Metatron
8494973c,
f393a7aa,领投听伴;汉富资本
6a9af610,小赢科技;星星贷;小赢理财;网利宝
1d9dc686,随时约
8d22db17,尧锦智富
fa25eb81,火萤棋牌
9ae26264,瑞德环球;玖富金控
ede552f2,
74ec0348,易信金融;easyMarkets易信;易信
03eb33de,
9d8fa67d,惠学堂
ea8896eb,时空周转;小象优品
7381c751,孙运动;拼多多;好玩吧
0486f7c7,优信外汇
9439ea56,硕威投资
e33edac0,春鸿果业
b1cf31a7,创客链
c6c80131,奉恩之家
5fc1508b,趣渔乐
28c6601d,
b6a2f5be,合拍在线;广信贷
c1a5c528,轩鸿集团;轩鸿
58ac9492,
2faba404,财富在线
bf14b995,联贝德
c8138903,
a8d400e6,
dfd33070,斯盛能源
46da61ca,聚赢宝
31dd515c,安徽六安长源置业有限公司
afb9c4ff,linefriends;魔比商店
d8bef469,乾润华创
41b7a5d3,猫之链;灵猫链;大眼猫
36b09545,乐保险;生时信托;外居乐
a60f88d4,小赢卡贷;省呗;嘉卡贷;玖富叮当贷
d108b842,壹彤地产;居泽地产
e7959621,莱汇币;万福币;维卡币
9092a6b7,汇管家
099bf70d,趣步
7e9cc79b,花虾金融;付融宝;互融宝
e0f85238,小鱼赚钱;小鱼快赚
97ff62ae,新纪元财富
0ef63314,宿爱共享
79f10382,
e94e1e13,途牛旅游网;途牛;氢点;氢点未来;科大讯飞;氢点科技
9e492e85,兴业数金;大话金融;兴业;随机森林
fe8ea760,betdice;dragonex
898997f6,
1080c64c,
6787f6da,玖富金融;上海捷量投资管理有限公司;悟空理财;玖富
f9e36379,
8ee453ef,文汇阁
17ed0255,超易周转;悦享京彩
60ea32c3,
f0552f52,成都市瑞志企业管理咨询有限公司
87521fc4,芒果元宝
d5a3f4a3,火萤棋牌
a2a4c435,亦跑
3bad958f,卓凡资讯;乐洁时代
4caaa519,创百金服
d2ce30ba,华林;侠客岛
a5c9002c,智慧晶;塔斯通;状元智慧包;探花智慧包
3cc05196,挂挂赚
4bc76100,拼多多;趣步
db787c91,蚂蚁花呗;小桃微集
ac7f4c07,ffx
ccb8c5e2,辉立国际;微牛证券;万銮国际;Rexmark
bbbff574,辰颐物语
22b6a4ce,聚电智能
55b19458,POFX亚太平台
cbd501fb,邦富投资;邦富在线
bcd2316d,南昌市民融登中心
25db60d7,亿灿
52dc5041,京贷;京贷金服
c2634dd0,尤斯财富;用益投资;好用益投资
b5647d46,东霖国际
4b20d92d,聚惠优品
3c27e9bb,
a52eb801,小豹科技
d2298897,趣嗨生态;趣嗨;趣嗨音乐;趣嗨视频;趣嗨旅游;趣步;趣嗨影视;趣嗨游戏
4c4d1d34,壹彤集团
3b4a2da2,斐讯;斐讯商城
a2437c18,快鸟贷款;快鸟;云白条
d5444c8e,英皇集团;英皇;英皇电影;英皇娱乐
45fb511f,AGK;AGK财富学府
32fc6189,恩圣威外汇
523be86c,东方资本;老虎汇;牛散联盟
253cd8fa,
bc358940,人人爱家金融;和平影视
cb32b9d6,WINBITEX;云尊币;云尊
55562c75,OTM奥美外汇;OTM奥美;奥美外汇;奥美;OTMTRADE
22511ce3,申万宏源
bb584d59,鑫时光;好会理财
cc5f7dcf,趣渔乐;趣步
5ce0605e,未来科技城
2be750c8,顺骑共享科技有限公司;顺骑科技;上海顺骑共享科技有限公司;顺骑
823b3912,企叮咚
f53c0984,番呗商城;借贷宝
6c35583e,小益理财;小益;小益造富;赢天下;财富宝藏
1b3268a8,朵朵街
8556fd0b,小龟软件
f251cd9d,轻易贷;钱来也
6b589c27,乐享天下
1c5facb1,招钱进宝;钱宝佛;钱宝
8ce0b120,嗨团
fbe781b6,天天微赚
9b200853,广州泽辉网络科技有限公司;全民影视;盈联影视
ec2738c5,泰润生物
752e697f,云尊链;云尊币;云尊;云尊加密;雲尊链;云尊联盟;云尊集团
022959e9,精灵家园
9c4dcc4a,天汇金融
eb4afcdc,鸿运信投
7243ad66,管家帮;会管家
05449df0,
95fb8061,世纪金业;世纪集团金业
e2fcb0f7,
b00d5b90,
c70a6b06,成都汇兴智业
5e033abc,嘉盛集团;嘉盛集团股份有限公司
29040a2a,华盛资本;香港华盛资本
b7609f89,疯狂动物城;乐高疯狂动物城;疯狂动
c067af1f,ACY稀万证券
596efea5,宇飞来;百信金服;北京巨宝天元网络有限公司;上海如翌资产管理有限公司;爱抢拍;重庆福华弟投资管理有限公司
2e69ce33,小豹科技
bed6d3a2,素店
c9d1e334,
a9166ad1,金鸟期权
de115a47,
47180bfd,天泽环球
301f3b6b,硕威投资
ae7baec8,霸屏天下;远特喜牛通信;远特喜牛;喜牛;合创
d97c9e5e,智慧晶
4075cfe4,帮芒拼
3772ff72,豹付
a7cde2e3,芝麻开花;爱钱进;合时代金融;融牛在线;合时代
d0cad275,
e657fc16,youbank
9150cc80,快猫猫;VIP
08599d3a,NordFX诺德;NordFX;NordFX诺德外汇;诺德外汇
7f5eadac,火趣小视频;火趣
e13a380f,黄金钱庄;好会理财;拉拉财富;宜投金服
963d0899,雷达币
0f345923,捷越联合
783369b5,诺德基金
e88c7424,致享融
9f8b44b2,米房借条
ff4ccd57,臻鼎投资;国金中融;臻鼎影业
884bfdc1,北京管家帮;管家帮
1142ac7b,贵州省黔中生态茶交易中心有限公司;星城财经
66459ced,华商联盟
f821094e,海南汇邦外汇资讯有限公司;聚鑫鼎汇实业公司;海南聚鑫鼎汇实业有限公司;汇邦外汇公司
8f2639d8,宜友之家;宜贷;宜友
162f6862,
612858f4,金秋财富
f1974565,金机宝;金兔宝
869075f3,
d4619e94,比特币;PlusToken;WoToken
a366ae02,比特币;GEC;GEC币
3a6fffb8,奇牛国际
4d68cf2e,火星币;币虎科技;币虎全球;币虎
d30c5a8d,房金网;南京丽州商贸有限公司;好车贷;小草金融;浙江天搜科技股份有限公司;领奇理财;鲸亿金服;达州台盈商贸有限公司;麦点商城;雅堂金融;恒昌财富;恒大金融;百金贷;金天国际;本草自然;财富宝;安逸投;北京泽泓文化发展有限公司;重庆福华弟投资管理有限公司
a40b6a1b,淘气天尊
3d023ba1,乐清金融
4a050b37,华泰逸富国际期货
daba16a6,银豆网;乐金所;贝壳街
adbd2630,
cd7aafd5,
ba7d9f43,明堂金融联盟
2374cef9,麦尔国际
5473fe6f,
ca176bcc,世舟之家
bd105b5a,易宝支付
24190ae0,币贷;U币贷
531e3a76,邦君悠购
c3a127e7,米房借条
b4a61771,京开创投
4ae2b31a,鼎叠在线;钦和投资;米财金融;中图在线;罗威财富;金砖联合;金联创
3de5838c,小豹科技
a4ecd236,请你贷;爱微融;砚下金融
d3ebe2a0,维卡币
4d8f7703,富喜智服
3a884795,UnWallet
a381162f,
d48626b9,KB数字资产兑换平台
44393b28,黄金钱包
333e0bbe,国鑫汇;国鑫汇所
53f9825b,瑞波币Ripple瑞波币;以太币;领域王国;瑞波币;以太坊
24feb2cd,
bdf7e377,速想购
caf0d3e1,玖富钱包;玖富普惠
54944642,富二贷;和平影视;中鼎金服;中鼎国服
239376d4,
ba9a276e,金盒子
cd9d17f8,EOS柚子
5d220a69,
2a253aff,淘优乐
807d874b,日进金;无锡日进金
f77ab7dd,
6e73e667,瑞波币;彩礼支付;WPAY
1974d6f1,
87104352,万多福
f01773c4,云尊链;WINBITEX
691e227e,厚福无疆
1e1912e8,爱乐在线
8ea60f79,悦讯;互通悦讯
f9a13fef,NordFX诺德
9966b60a,普资金服;掌悦理财;新多多;领奇理财;一点金库;利利金服;投之家
ee61869c,
7768d726,壹账通;以太坊
006fe7b0,
9e0b7213,
e90c4285,
7005133f,维堡天善;维堡天善投资管理有限公司
070223a9,平安宝;融牛在线;爱钱进;融牛之家
97bd3e38,PTFX普顿;PTFX;PTFX普顿外汇;普顿外汇
e0ba0eae,
b24be5c9,ACY稀万证券
c54cd55f,NordFX诺德
5c4584e5,
2b42b473,TTEX
b52621d0,
c2211146,
5b2840fc,蚂蚁矿池;蚂蚁矿机
2c2f706a,英融国际交易所;英融国际
bc906dfb,富通国际;丰盛金融;玖富金控
cb975d6d,融燚在线;罗牛国际;华盛资本
ab50d488,
dc57e41e,诺贝影视;深圳诺贝影视
455eb5a4,
32598532,芒果口袋
ac3d1091,南昌财期;南昌期财
db3a2007,EXPASSET;量子比特;EXPCEO;比特币;火币网;MLM
423371bd,比特币
3534412b,卡盟金服
a58b5cba,MMM;比特币
d28c6c2c,曲全财富
e411424f,
931672d9,中盈财富管理有限公司;中盈财富
0a1f2363,中峻国服
7d1813f5,钱程无忧
e37c8656,
947bb6c0,AGK理财
0d72e77a,卡盟金服;卡盟
7a75d7ec,崛起金融
eacaca7d,衫客
9dcdfaeb,景鸿集团
fd0a730e,
8a0d4398,
13041222,
640322b4,优客;养鹿啦
fa67b717,火萤棋牌
8d608781,鹏润控股;美美理财;美易理财;国美控股
1469d63b,逗趣微视
636ee6ad,优可;优可生活
f3d1fb3c,拼多多;氢点
84d6cbaa,
d62720cd,喜牛
a120105b,榴莲微视
382941e1,艾特币
4f2e7177,印象口袋;印象口袋贷款
d14ae4d4,加油宝;合富金融
a64dd442,
3f4485f8,小樱桃
4843b56e,新橙分期
d8fca8ff,趣步
affb9869,蚂蚁矿池
cf3c118c,比财
b83b211a,
213270a0,
56354036,
c851d595,甩宝;甩甩宝宝
bf56e503,辰麟宝
265fb4b9,桔子车桩;帮芒拼
5158842f,马克币
c1e799be,Bpal;Bpal钱包
b6e0a928,乐洁时代
48a40d43,泛亚交易
3fa33dd5,趣渔乐;趣步
a6aa6c6f,‘GEC环保币
d1ad5cf9,
4fc9c95a,信而优
38cef9cc,BITPS;新加坡BITPS
a1c7a876,环球金股汇;渣打银行
d6c098e0,
467f8571,华登区块狗
3178b5e7,俞丰财富金融;俞丰财富
51bf3c02,
26b80c94,神店;ufo
bfb15d2e,格家网络
c8b66db8,
56d2f81b,学堂在线;兆易创新;诺德基金;北京兆易创新科技股份有限公司
21d5c88d,北斗易购
b8dc9937,Wpay
cfdba9a1,嘉盛集团股份有限公司
5f64b430,
286384a6,
81bfed7c,诚者聚
f6b8ddea,多啦理财;多啦聚财;多啦理财财;嘉银普惠
6fb18c50,中瑞财讯
18b6bcc6,
86d22965,
f1d519f3,汇联智投
68dc4849,顺心花花
1fdb78df,长安汽车金融
8f64654e,宜信财富;诺德基金
f86355d8,俞丰财富金融;俞丰财富
98a4dc3d,美薇亭
efa3ecab,宝点网
76aabd11,
01ad8d87,雷达钱包;雷达币
9fc91824,
e8ce28b2,爱宠飞小程序;趣渔乐;全球看点;爱宠飞
71c77908,深圳聚电智能科技股份有限公司;聚电;金石资本;聚电智能
06c0499e,cfx圆汇
967f540f,火萤棋牌
e1786499,途家
b3898ffe,沃时贷;南京胜沃投资管理有限公司;百金贷;神州泰岳
c48ebf68,
5d87eed2,杜邦财富
2a80de44,
b4e44be7,嘟嘟生活;南阳嘟嘟生活
c3e37b71,中盈财富
5aea2acb,FINWISE
2ded1a5d,
bd5207cc,合众e贷;人人贷;微贷网;麻袋财富
ca55375a,APP;华开金控;蜜葡萄
aa92bebf,唐鼎耀华;申万菱信
dd958e29,素店;盛世财团;妮素
449cdf93,
339bef05,
adff7aa6,
daf84a30,前海裕伦商业保理有限公司
43f11b8a,
34f62b1c,周转宝盒
a449368d,诺德基金;科创板
d34e061b,众人帮
e5d32878,彩猪;彩猪投资
92d418ee,火币钱包
0bdd4954,中联亿配
7cda79c2,EXPASSET亚斯特
e2beec61,未来网
95b9dcf7,腾邦;腾邦现货;腾邦集团
0cb08d4d,公信宝;比特币
7bb7bddb,
eb08a04a,创客链;德光创客
9c0f90dc,鼎赢牛;鼎赢牛科
fcc81939,雨果网
8bcf29af,博迈在线
12c67815,众盈;新博金融
65c14883,
fba5dd20,得能链;得能集团
8ca2edb6,绿皮管家;小猫来财
15abbc0c,多米头条
62ac8c9a,
f213910b,蚂蚁花呗;好借钱;淘钱宝;好期贷;有米金融;来分期
8514a19d,小白理财
d7e54afa,
a0e27a6c,
39eb2bd6,创世银库
4eec1b40,清宴宝产;清宴宝
d0888ee3,虹奥;虹金所;虹奥财富
a78fbe75,
3e86efcf,挂挂赚
4981df59,
d93ec2c8,淘优乐
ae39f25e,期海聚金
cefe7bbb,STD标准外汇
b9f94b2d,杨梅白卡
20f01a97,积金通
57f72a01,银小花
c993bfa2,悦拜
be948f34,
279dde8e,天心金融;银豆网;爱福家;长沙赛鼎生物科技有限公司;金瑞龙;银谷财富
509aee18,文通大宗商品;股丰云策
c025f389,远特喜牛
b722c31f,Eunex;MTI
49666774,以太森林
3e6157e2,度王金服
a7680658,菌微店
d06f36ce,牧宝
4e0ba36d,
390c93fb,养鸡大亨
a005c241,
d702f2d7,
47bdef46,
30badfd0,掌上拍;PAC掌上拍;pac掌上拍
507d5635,海航聚宝汇;聚宝汇
277a66a3,BFS牛汇;牛汇
be733719,飞贷;飞贷金融
c974078f,汇盈天
5710922c,IPFS;IPFS星际特工;星际特工;币码翁;Filecoin
2017a2ba,plustoken钱包;Plustoken;比特币
b91ef300,泓石金服;上海泓石投资管理有限公司
ce19c396,鼎诚创投
5ea6de07,鑫优会;拼多多
29a1ee91,海兵淘宝
84f0fbf9,
f3f7cb6f,Toptoken
6afe9ad5,淘气购
1df9aa43,ZOS金融公链;Libra;ZOS
839d3fe0,当袋宝;蚂蚁窝;当贷宝;信之助
f49a0f76,章鱼链;章鱼世界;章鱼娱乐;章鱼APP
6d935ecc,网易云信金融;云信;网易云信;飞虎互动
1a946e5a,恒富
8a2b73cb,雷达全球
fd2c435d,TG淘金网;TG淘金
9debcab8,顺骑
eaecfa2e,涵乔财富;汇新智;微豪配资
73e5ab94,愿景基金
04e29b02,钱方好近;钱方;钱方好;云闪付
9a860ea1,gtfx
ed813e37,鼎赢牛
74886f8d,
038f5f1b,太原云信金融外包服务有限公司;乐先花;有口袋
9330428a,富友;上有控股;上海上有资产管理有限公司;上有财金
e437721c,工资管家
b6c6997b,
c1c1a9ed,宜人贷;巴巴汇
58c8f857,
2fcfc8c1,创世金库
b1ab5d62,艾尔链;以太坊
c6ac6df4,
5fa53c4e,崛起金融;天心禅
28a20cd8,九龙鼎在线;龙鼎在线
b81d1149,维客特
cf1a21df,海鹰环境;律融所;上海澜起科技有限公司;律融基金;上海意隆财富投资管理有限公司;华安未来;财通资管
afdda83a,手机宝
d8da98ac,比特币
41d3c916,小龟软件
36d4f980,以太坊
a8b06c23,威尼斯人娱乐城
dfb75cb5,帕克金融
46be0d0f,
31b93d99,添益宝;甜橙理财;易财宝;翼支付
a1062008,鲁多多;空空贷
d601109e,汇诚国际
e09c3efd,天天赢;汇投富;英明财富;鑫脉财富;币优铺;置上金融;三国财富;迎宝财富;银巴克
979b0e6b,付爱民;上海睿福投资管理有限公司;爱民期货
0e925fd1,易信
79956f47,红果子庄园;金科海;易启赚
e7f1fae4,趣步
90f6ca72,
09ff9bc8,玛伊惠;玛伊微享淘;玛伊微淘;微享淘;玛伊
7ef8ab5e,
ee47b6cf,吉悠
99408659,广州百鸿艺术品展览有限公司;北京鼎一国际投资基金管理有限公司;上海至善基金有限公司;&am安徽藏源文化交流有限公司;宁化月兔科技有限公司
f9870fbc,鼎兴环球
8e803f2a,BTC;比特币;ETH;瑞波联储;以太坊
17896e90,
608e5e06,优乐商城
feeacba5,充裕未来;中金摩根
89edfb33,渣打银行;贝莱德;和讯外汇
10e4aa89,
67e39a1f,
f75c878e,蚂蚁巴士
805bb718,
d2aa5c7f,
a5ad6ce9,海拓环球
3ca43d53,优品潮
4ba30dc5,瑞波钱包;瑞波币
d5c79866,亿米快递
a2c0a8f0,
3bc9f94a,皇马酒庄
4ccec9dc,三三易通;易通商城
dc71d44d,MGK
ab76e4db,
cbb16d3e,拉勾农场;爱尚养猪;牡丹缘农场;拉钩农场
bcb65da8,
25bf0c12,
52b83c84,宝星环球投资
ccdca927,轩鸿金融控股集团;轩鸿资本;轩鸿集团;轩鸿基金
bbdb99b1,大圣金福;齐银金融
22d2c80b,领秀国际
55d5f89d,KB数字资产兑换平台
c56ae50c,东创在线;宁波东创投资管理有限公司;恒易融;金瑞龙
b26dd59a,　　BFS牛汇;BFS牛汇
4c2971f1,智选天下
3b2e4167,
a22710dd,帕克金融
d520204b,期海聚金;福袋汇业
4b44b5e8,
3c43857e,麻袋财富
a54ad4c4,华宝基金;恒生电子
d24de452,
42f2f9c3,jojomarkets
35f5c955,马上消金
553240b0,小鸟发财
22357026,榴莲微视
bb3c219c,
cc3b110a,OANDA;金顶环球;WIRECADD;安信金控
525f84a9,以太坊;亚投链;ICA亚投链
2558b43f,利多资本;TTEX天天交易所;TTEX
bc51e585,bfsforex牛汇
cb56d513,火币网
5be9c882,平安好房金融;新沃基金;飞凡电商;爱屋吉屋;平安好房;新沃投研;链家网;平安
2ceef814,鼎诚创投
853291ce,拼多多;高佣联盟;云发单
f235a158,昆明栋平智能投资平台;栋平智能投资平台;昆明栋平;栋平
6b3cf0e2,朵拉;朵拉微商;朵拉购
1c3bc074,融易投;信融财富;惠嘉金融;小诺理财
825f55d7,Vpay;比特币;速通宝
f5586541,
6c5134fb,上有财金
1b56046d,
8be919fc,牛钱;牛钱网
fcee296a,宁夏自然生物科技有限公司
9c29a08f,养鹿啦
eb2e9019,淘气天尊
7227c1a3,哆备宝;贯军e购;华军合创
0520f135,闪步
9b446496,好玩吧
ec435400,山东金融资产交易中心;鲁金宝
754a05ba,未来集市
024d352c,
92f228bd,渝农商金租
e5f5182b,红岭创投;融牛在线
b704f34c,微交易;博林环球;联亿国际
c003c3da,盐津铺子;时时彩;智慧易购
590a9260,ORANFLAG
2e0da2f6,金猪管家
b0693755,蓝莓花花;蓝莓花花优享
c76e07c3,
5e675679,邦富在线
296066ef,悦平台;悦天使;北京悦天使;悦花越有
b9df7b7e,AvaTrade爱华;AvaTrade;AVA
ced84be8,
ae1fc20d,以太坊
d918f29b,JON农生链
4011a321,金元卡
371693b7,小豹科技
a9720614,安利微购
de753682,币盛汇
477c6738,印象口袋
307b57ae,泰肯农场;泰肯星球
a0c44a3f,万銮国际;贵州国际商品交易中心;xxx;海南大宗;安信金控
d7c37aa9,嘀e金融;数信通
e15e54ca,全民外贸
9659645c,
0f5035e6,
78570570,聚宝普惠;聚宝匯;员工宝;聚宝;聚宝汇
e63390d3,特惠赚
9134a045,中金珠宝
083df1ff,凤推;凤推传媒
7f3ac169,杨方配资
ef85dcf8,红豆卡
9882ec6e,
f845658b,GTC点金
8f42551d,北京红杉壹本投资有限公司
164b04a7,IPFS
614c3431,双创在线
ff28a192,
882f9104,
1126c0be,
6621f028,
f69eedb9,
8199dd2f,
d3683648,艾丽哲
a46f06de,海尔金控
3d665764,开心果
4a6167f2,渤海E宝;渤海保呗;渤海e宝;渤海人寿
d405f251,Gojoy商城
a302c2c7,鑫优;鑫优会;**集市
3a0b937d,艾德证券
4d0ca3eb,联璧金融;富民宝
ddb3be7a,诺德基金
aab48eec,
ca730709,农夫山泉;全民推
bd74379f,维基链;火星钱包
247d6625,享车
537a56b3,汇品万货;甩手掌柜
cd1ec310,
ba19f386,
2310a23c,LONSHI;日发国际
541792aa,亿品赞
c4a88f3b,小龟软件
b3afbfad,吉利集团
4deb1bc6,艾尔链;LAC艾尔链
3aec2b50,
a3e57aea,顺心花花
d4e24a7c,
4a86dfdf,美缘影视
3d81ef49,
a488bef3,飞贷
d38f8e65,永利金融;永利金控
433093f4,虎符钱包;Algorand;段叔侃币
3437a362,和基
54f02a87,
23f71a11,蜜芽宝贝
bafe4bab,Bankera
cdf97b3d,雪球网;水母云交易
539dee9e,银亚国际
249ade08,
bd938fb2,易信easymarkets
ca94bf24,吉鑫贷
5a2ba2b5,
2d2c9223,火牛;火牛视频;红域短视频
87742f97,
f0731f01,睿新策略
697a4ebb,Lazada;雨果网;lazada
1e7d7e2d,飞迟财富
8019eb8e,
f71edb18,
6e178aa2,币赢网
1910ba34,艾拓思
89afa7a5,日日赚
fea89733,派派猪网贷
9e6f1ed6,活力宝宝;木庄网;优选理财
e9682e40,AFXGroup
70617ffa,华亿信投
07664f6c,比特币;HFNEX恒富交易
9902dacf,理想家园;新客兑;LX家园;诚者聚;HTM商城
ee05ea59,拍拍乐
770cbbe3,快贝
000b8b75,嗨团
90b496e4,
e7b3a672,
b5424d15,浙江同君超轶投资管理有限公司;同君财富
c2457d83,PTFX普顿;PTFX;PTFX普顿外汇
5b4c2c39,SWIFT
2c4b1caf,in有
b22f890c,
c528b99a,中盈善贷;爱善贷
5c21e820,钱盆网;今金贷;贷信通
2b26d8b6,
bb99c527,凤推;凤推传媒
cc9ef5b1,
ac597c54,
db5e4cc2,植华集团
42571d78,Gojoy;Gojoy商城
35502dee,卡盟金服
ab34b84d,百瑞赢
dc3388db,山东巨威汽车公司;富瑞达
453ad961,小兔救急
323de9f7,人人影
a282f466,
d585c4f0,艾特网能;艾特网
e318ea93,IDAX
941fda05,fxvgi外汇
0d168bbf,
7a11bb29,
e4752e8a,美物说
93721e1c,章鱼哥
0a7b4fa6,喜牛
7d7c7f30,
edc362a1,
9ac45237,比特币;Plustoken
fa03dbd2,济南海多宝;海多宝
8d04eb44,中瑞财讯
140dbafe,
630a8a68,印子坊;盈泰联合
fd6e1fcb,南京宁聚信息技术有限公司
8a692f5d,展荣财富
13607ee7,鼎盛盈通贷;贷你盈;芝麻宝金服;鼎盛盈通
64674e71,东霖国际集团
f4d853e0,云世纪;sky云世纪
83df6376,
d12e8811,
a629b887,微推推
3f20e93d,付融宝;沃时贷;宜泉资本;小赢理财;快贷
4827d9ab,芒果口袋
d6434c08,智慧晶
a1447c9e,淘优乐
384d2d24,猫之链;大眼猫
4f4a1db2,Plustoken;OKEx交易所
dff50023,高迪柏悦
a8f230b5,
c835b950,宝星环球投资
bf3289c6,蜜蜂花园;粉象生活
263bd87c,
513ce8ea,米奇比心
cf587d49,智慧晶
b85f4ddf,吉悠
21561c65,华禹钧瓷
56512cf3,锦欣生殖
c6ee3162,理想家园;LX理想家园;优可生活;优可
b1e901f4,
4fada59f,海慧通
38aa9509,SKY蓝天国际;云世纪
a1a3c4b3,
d6a4f425,盐津铺子
48c06186,恋指团
3fc75110,环球捕手
a6ce00aa,东方财富;股指期货
d1c9303c,佰益汇
41762dad,
36711d3b,袋鼠妈妈
56b694de,比特币;Mchain
21b1a448,齐乐融融
b8b8f5f2,
cfbfc564,兰洋投资
51db50c7,富途牛牛;富途
26dc6051,
bfd531eb,香港世纪金业
c8d2017d,创客链
586d1cec,超能小黑;东方微银;小饭桌
2f6a2c7a,宜信;喆颢资产;宜信财富;诺德基金;宜信诺德
86b645a0,艾尔链
f1b17536,皇御环球
68b8248c,微银金服;投哪网;优信
1fbf141a,
81db81b9,
f6dcb12f,大C网;百倍币;CITEX
6fd5e095,
18d2d003,诺德基金;科创板
886dcd92,Vpay;众筹币;Vpay钱包
ff6afd04,善心汇;mfc
9fad74e1,双创在线
e8aa4477,
71a315cd,hytfx
06a4255b,
98c0b0f8,鼎诚创投
efc7806e,亨达外汇
76ced1d4,
01c9e142,大圆银泰
9176fcd3,富瑞达
e671cc45,恩圣威NCY外汇平台;恩圣威NCY
b4802722,
c38717b4,富格林
5a8e460e,辰颐物语
2d897698,睿新策略
b3ede33b,奇弘集团;7天密码;柒天密码
c4ead3ad,钱嗨娱乐
5de38217,
2ae4b281,清果普惠
ba5baf10,豆豆网;蹦蹦网
cd5c9f86,领峰外汇
ad9b1663,创客链
da9c26f5,永声投资;莘莘财富;山水财富网;摩根甲阳微购;粤辰金融
4395774f,京馔吐司
349247d9,小鸟发财
aaf6d27a,聚汇天下
ddf1e2ec,GEC环保币
44f8b356,货基宝宝;宜人贷;瑞鼎创投;广富宝;陆金所
33ff83c0,陀螺世界
a3409e51,风雨无忧;趣花分期
d447aec7,OTM奥美外汇
e2da80a4,睿新策略;金斧子
95ddb032,emaar
0cd4e188,赚赚熊
7bd3d11e,
e5b744bd,时空周转
92b0742b,MGCTOKEN;MGC钱包;合众联盟;MGCtoken
0bb92591,
7cbe1507,YoubanKs;youbank;youbank数字银行;Tessline
ec010896,拉卡盟;卡盟金服
9b063800,柚子生态
fbc1b1e5,豆蔓智投;鹏金所;青蚨资产;康宏投资;小豆钱包;汇客通宝;哈鼎投资
8cc68173,水瑶黎在线
15cfd0c9,
62c8e05f,
fcac75fc,
8bab456a,aetos
12a214d0,天华金号
65a52446,汇新智;汇新智配资
f51a39d7,长润影视
821d0941,　　AGK理财;AGK理财
d0ece226,
a7ebd2b0,广州天河区大象健康科技有限公司
3ee2830a,期金管家
49e5b39c,江苏百瑞赢
d781263f,向前金服;捷越联合
a08616a9,
398f4713,远大期货
4e887785,
de376a14,全民养鱼
a9305a82,星球;宝石星球
c9f7d367,印象口袋
bef0e3f1,
27f9b24b,得能链
50fe82dd,爱钱进
ce9a177e,
b99d27e8,
20947652,莱信商城
579346c4,A网
c72c5b55,
b02b6bc3,狸狸掌柜
4e6fcfa8,火币网
3968ff3e,明堂金融联盟
a061ae84,源中瑞科技;OTC
d7669e12,中德海投资;中德海投资理财;冲捷在线;金多理财
49020bb1,中德海投资
3e053b27,
a70c6a9d,反波胆;反波胆淘金网;淘金网
d00b5a0b,展荣财富
40b4479a,比特币;空中比特币
37b3770c,空投;全球看点;流量魔盒
5774fee9,安惠力持;美宝眠;神州胜赛
2073ce7f,谱盛科技
b97a9fc5,KVB昆仑国际;铁汇
ce7daf53,和基外汇
50193af0,巨丰投顾;恒丰配资
271e0a66,中盈善贷;爱善贷
be175bdc,自由钱袋;云白条;快鸟;速度闪电;快鸟金服;快鸟贷款
c9106b4a,新橙优品;新橙分期
59af76db,
2ea8464d,
8dea029d,云交易;中金云交易;优乐商城;微信云交易
faed320b,贝尔链;东方资本;超级富豪;以太坊
63e463b1,汇新智;汇新智配资
14e35327,众生策略
8a87c684,任务超市
fd80f612,
6489a7a8,
138e973e,KVB昆仑国际;昆仑国际
83318aaf,海兵淘宝
f436ba39,币达财富
94f133dc,
e3f6034a,素店;盛世财团
7aff52f0,善林财富;来财;善林金融;合盘贷;7来财
0df86266,卡维达
939cf7c5,
e49bc753,微多猫
7d9296e9,咸鱼妹
0a95a67f,哈尔滨和基外汇;和基外汇
9a2abbee,FINCI;Finci芬吉
ed2d8b78,汇新智
bfdc601f,轩鸿金融;轩鸿资本;轩鸿集团;轩鸿基金
c8db5089,金秋财富
51d20133,广州尚洁科技有限公司;德势力
26d531a5,
b8b1a406,
cfb69490,ALB
56bfc52a,尼尊财富;星星贷;掌悦理财;利利金服
21b8f5bc,
b107e82d,
c600d8bb,牛多宝
a6c7515e,
d1c061c8,云尊链;云尊币;比特币;云尊
48c93072,GAEA
3fce00e4,请你贷;砚下金融
a1aa9547,锦鲤全民养鱼;鱼宝宝;全民养鱼
d6ada5d1,九龙鼎在线;龙鼎在线
4fa4f46b,德邦股份
38a3c4fd,米奇生活;VIP
a81cd96c,赛尔佳;越花越有;云联汇
df1be9fa,季翁岭投资;季翁岭财富;云南季翁岭投资有限公司;季翁岭投资有限公司
e986c799,
9e81f70f,
0788a6b5,星星谈资;星星贷;星企贷;小牛在线;拍拍贷
708f9623,福亚全球
eeeb0380,
99ec3316,
00e562ac,
77e2523a,爱暄堂
e75d4fab,优财;布尔金融
905a7f3d,
f09df6d8,
879ac64e,利辉财富;百金贷;利辉乾财富;辉乾财富
1e9397f4,河南南阳大宗商品平台;河南南阳大宗商品;河南南阳大宗商品投资
6994a762,高盛国际
f7f032c1,币……
80f70257,小桃微集网络科技有限公司;小桃微集
19fe53ed,曲全财富
6ef9637b,51人品;桂e宝;人品宝;隆万创投;德福财富;大胜理财
fe467eea,
89414e7c,顶尚堂;上海翔帅实业有限公司;京贷网;中商盛邦;北京巨宝天元网络有限公司;乐畅财富;翠美国际;爱抢拍
dbb0a51b,易德惠;寰玥财富
acb7958d,
35bec437,
42b9f4a1,极客修
dcdd6102,
abda5194,富时环球;富时环球外汇
32d3002e,
45d430b8,娃哈哈
d56b2d29,AFMFX;ELLIOT
a26c1dbf,宝富国际
c2ab945a,币创交易所
b5aca4cc,
2ca5f576,
5ba2c5e0,陀螺世界
c5c65043,
b2c160d5,平安普惠
2bc8316f,雪球
5ccf01f9,全球看点
cc701c68,云数贸联盟
bb772cfe,
45338895,
3234b803,老虎汇
ab3de9b9,大笨象商城;柠檬国际
dc3ad92f,波场币
425e4c8c,
35597c1a,大众分期
ac502da0,有信钱包
db571d36,
4be800a7,火萤棋牌
3cef3031,
5c28b9d4,无限畅饮
2b2f8942,钻石分期
b226d8f8,巨石财富
c521e86e,fct领先外汇平台
5b457dcd,盼哒科技
2c424d5b,chf
b54b1ce1,
c24c2c77,蜗牛移动
52f331e6,期时星;时星
25f40170,AGK理财拆分盘;金钥匙;AGK金钥匙;AGK
8c2868aa,cfx圆汇
fb2f583c,鲨鱼咬吐司
62260986,
15213910,外居乐
8b45acb3,okex
fc429c25,
654bcd9f,爱汇宝
124cfd09,HYUK華亞國際
82f3e098,
f5f4d00e,钱程无忧;钱程策略;普臣资产
953359eb,
e234697d,云达互助;云达互助系统
7b3d38c7,北京金唐戴德梁行物业管理有限公司;丽泽金融
0c3a0851,惠头条
925e9df2,亦跑
e559ad64,趣步模;全球看点
7c50fcde,
0b57cc48,
9be8d1d9,比特币;盖娅链;以太坊
ecefe14f,小趣宝藏;小趣
be1e0a28,
c9193abe,公信宝;布洛克城
50106b04,云南国际信托有限公司;云南信托;承兴国际;诺亚;诺亚财富;摩山保理
27175b92,雷达钱包;RADAR;比特币;　　RADAR
b973ce31,全民推返佣;全民推
ce74fea7,杭州欣辰网络科技有限公司;广享车;享车
577daf1d,诺德外汇
207a9f8b,鸽派商城
b0c5821a,唐卡
c7c2b28c,愿景基金
a7053b69,
d0020bff,
490b5a45,亿海智投;亿海配资;天智投;信易赢
3e0c6ad3,HIIFX海汇国际;海汇国际
a068ff70,
d76fcfe6,狗狗币;比特狗
4e669e5c,逗趣微视
3961aeca,瑞郎币FRCoin
a9deb35b,
ded983cd,聚币网;大唐币
e844adae,创赢财富;环迅支付
9f439d38,万氏;万诺投资;万氏国际
064acc82,请你贷;砚下金融
714dfc14,平安基金;嘉实基金;恒丰配资
ef2969b7,车邦贷;稳贷网
982e5921,千米合伙;千米创;千米
0127089b,凤推
7620380d,比特挖矿
e69f259c,简啦啦
9198150a,
f15f9cef,创富国际
8658ac79,
1f51fdc3,腾邦;腾邦现货
6856cd55,
f63258f6,
81356860,
183c39da,鼎泽配资;金牛配资
6f3b094c,华盛资本
ff8414dd,谱盛科技
8883244b,合晟资产;盾安;大公国际;盾安债;上海合晟资产;泓德基金
da72cf2c,淘钱宝
ad75ffba,爱乐在线
347cae00,商机头条
437b9e96,妮素国际;素店;盛世财团
dd1f0b35,拾贝投资;华润信托
aa183ba3,IPFS;IPFS星际特工;星际特工;lPFS星际特工;币码翁;比特币;Filecoin
33116a19,汇付天下;收获宝
44165a8f,曙光众城;四川交投;保德薪;空中盘;新客兑;龙腾盛世
d4a9471e,汇新智;汇新智配资
a3ae7788,百度莱茨狗;莱茨狗
c369fe6d,凯富创通
b46ecefb,
2d679f41,趣步;链信
5a60afd7,明堂金融联盟
c4043a74,英皇金融国际;英皇金融
b3030ae2,火币钱包
2a0a5b58,趣味嗨聊;网商万宝
5d0d6bce,华景无限
cdb2765f,臻鼎投资;国金中融;臻鼎影业
bab546c9,
44f1e2a2,
33f6d234,鹏润控股;美美理财;美易理财;国美控股
aaff838e,芒果金融
ddf8b318,平安守护
439c26bb,神店
349b162d,比特猪
ad924797,
da957701,远特喜牛
4a2a6a90,信邦策略
3d2d5a06,
5dead3e3,易信;easyforex易信
2aede375,
b3e4b2cf,明堂金融联盟
c4e38259,百事通
5a8717fa,上银基金管理有限公司
2d80276c,
b48976d6,
c38e4640,恩圣威;艾拓思
53315bd1,
24366b47,爱汇宝
3b453440,赶街;叁赶街
